totalcarbs,totalprotien,totalfat,dietID,dietname,userID
92,90,73,1,sit amet cursus id turpis integer aliquet massa id lobortis convallis tortor risus dapibus augue,1
80,28,89,2,penatibus et magnis dis parturient montes nascetur ridiculus mus etiam vel augue vestibulum rutrum rutrum neque aenean,2
64,17,47,3,augue luctus tincidunt nulla mollis molestie lorem quisque ut erat curabitur gravida nisi at nibh in hac habitasse,3
36,14,93,4,vestibulum quam sapien varius ut blandit non interdum in ante vestibulum ante ipsum primis,4
2,87,17,5,nulla suspendisse potenti cras in purus eu magna vulputate luctus cum sociis natoque penatibus et magnis dis parturient,5
73,79,74,6,morbi sem mauris laoreet ut rhoncus aliquet pulvinar sed nisl nunc,6
59,22,82,7,rutrum nulla tellus in sagittis dui vel nisl duis ac nibh fusce lacus purus aliquet,7
58,79,40,8,sagittis dui vel nisl duis ac nibh fusce lacus purus aliquet at,8
59,59,36,9,id mauris vulputate elementum nullam varius nulla facilisi cras non velit nec,9
4,45,12,10,curabitur at ipsum ac tellus semper interdum mauris ullamcorper purus sit,10
100,21,92,11,id nulla ultrices aliquet maecenas leo odio condimentum id luctus nec,11
50,75,96,12,est donec odio justo sollicitudin ut suscipit a feugiat et eros vestibulum ac,12
36,55,31,13,est congue elementum in hac habitasse platea dictumst morbi vestibulum velit id pretium iaculis diam erat fermentum justo nec condimentum,13
1,33,6,14,elementum pellentesque quisque porta volutpat erat quisque erat eros viverra,14
7,52,19,15,mauris viverra diam vitae quam suspendisse potenti nullam porttitor lacus at turpis donec posuere metus,15
93,72,98,16,donec pharetra magna vestibulum aliquet ultrices erat tortor sollicitudin mi sit amet lobortis sapien sapien non mi integer ac,16
82,92,94,17,sociis natoque penatibus et magnis dis parturient montes nascetur ridiculus mus,17
15,91,47,18,sem duis aliquam convallis nunc proin at turpis a pede posuere nonummy integer non velit donec diam neque,18
64,85,2,19,bibendum imperdiet nullam orci pede venenatis non sodales sed tincidunt,19
12,70,84,20,augue luctus tincidunt nulla mollis molestie lorem quisque ut erat curabitur,20
25,3,1,21,et ultrices posuere cubilia curae duis faucibus accumsan odio curabitur convallis duis,21
47,47,35,22,tristique fusce congue diam id ornare imperdiet sapien urna pretium nisl,22
85,96,22,23,neque aenean auctor gravida sem praesent id massa id nisl venenatis lacinia,23
86,90,77,24,est donec odio justo sollicitudin ut suscipit a feugiat et eros vestibulum ac,24
31,62,64,25,integer aliquet massa id lobortis convallis tortor risus dapibus augue vel accumsan,25
24,91,87,26,metus sapien ut nunc vestibulum ante ipsum primis in faucibus orci luctus,26
33,98,1,27,bibendum imperdiet nullam orci pede venenatis non sodales sed tincidunt eu felis fusce posuere felis,27
48,8,11,28,ut erat id mauris vulputate elementum nullam varius nulla facilisi cras non velit nec nisi vulputate nonummy,28
54,75,66,29,felis sed lacus morbi sem mauris laoreet ut rhoncus aliquet pulvinar sed nisl nunc rhoncus dui,29
29,89,20,30,primis in faucibus orci luctus et ultrices posuere cubilia curae nulla dapibus dolor vel est donec odio justo sollicitudin,30
86,82,58,31,ipsum integer a nibh in quis justo maecenas rhoncus aliquam lacus morbi quis tortor id nulla,31
18,77,13,32,in hac habitasse platea dictumst morbi vestibulum velit id pretium iaculis diam erat fermentum justo nec condimentum neque,32
3,80,44,33,odio justo sollicitudin ut suscipit a feugiat et eros vestibulum ac est lacinia nisi venenatis tristique fusce congue,33
57,49,35,34,ut erat id mauris vulputate elementum nullam varius nulla facilisi cras non velit nec nisi,34
21,73,81,35,erat eros viverra eget congue eget semper rutrum nulla nunc purus phasellus,35
60,53,56,36,lorem integer tincidunt ante vel ipsum praesent blandit lacinia erat vestibulum sed magna,36
66,7,4,37,mauris morbi non lectus aliquam sit amet diam in magna bibendum imperdiet nullam orci pede venenatis non sodales,37
43,68,88,38,vitae consectetuer eget rutrum at lorem integer tincidunt ante vel ipsum praesent blandit lacinia erat,38
35,2,26,39,odio donec vitae nisi nam ultrices libero non mattis pulvinar nulla pede ullamcorper augue a suscipit nulla elit,39
58,9,64,40,elit proin interdum mauris non ligula pellentesque ultrices phasellus id sapien in,40
80,59,79,41,purus aliquet at feugiat non pretium quis lectus suspendisse potenti in eleifend quam a odio in hac habitasse platea,41
91,20,18,42,dui vel nisl duis ac nibh fusce lacus purus aliquet at,42
91,21,55,43,sit amet justo morbi ut odio cras mi pede malesuada in imperdiet et commodo vulputate justo,43
87,33,76,44,consequat in consequat ut nulla sed accumsan felis ut at dolor quis odio consequat varius integer ac leo,44
27,75,42,45,blandit ultrices enim lorem ipsum dolor sit amet consectetuer adipiscing elit proin interdum mauris non ligula pellentesque ultrices phasellus,45
43,35,100,46,tincidunt eu felis fusce posuere felis sed lacus morbi sem mauris laoreet ut rhoncus aliquet pulvinar sed nisl,46
73,24,24,47,nullam porttitor lacus at turpis donec posuere metus vitae ipsum aliquam,47
5,40,88,48,tempus vivamus in felis eu sapien cursus vestibulum proin eu mi nulla ac enim in tempor turpis,48
10,72,62,49,volutpat quam pede lobortis ligula sit amet eleifend pede libero quis orci nullam,49
57,71,71,50,nam congue risus semper porta volutpat quam pede lobortis ligula sit amet eleifend pede libero quis orci nullam molestie nibh,50
12,82,64,51,leo rhoncus sed vestibulum sit amet cursus id turpis integer aliquet massa id lobortis convallis tortor risus,51
52,81,15,52,sit amet lobortis sapien sapien non mi integer ac neque duis bibendum morbi non quam nec,52
56,95,9,53,vestibulum rutrum rutrum neque aenean auctor gravida sem praesent id massa id nisl venenatis lacinia aenean sit amet,53
6,20,54,54,lacinia nisi venenatis tristique fusce congue diam id ornare imperdiet sapien urna pretium nisl ut volutpat sapien arcu,54
4,97,14,55,convallis nunc proin at turpis a pede posuere nonummy integer non velit,55
35,88,41,56,primis in faucibus orci luctus et ultrices posuere cubilia curae mauris viverra diam vitae quam suspendisse potenti nullam porttitor lacus,56
84,65,27,57,curabitur in libero ut massa volutpat convallis morbi odio odio elementum eu interdum eu tincidunt in,57
20,13,69,58,consequat lectus in est risus auctor sed tristique in tempus sit amet sem fusce consequat nulla nisl nunc,58
36,58,88,59,consequat metus sapien ut nunc vestibulum ante ipsum primis in faucibus orci luctus et ultrices posuere cubilia curae mauris,59
14,13,74,60,morbi vel lectus in quam fringilla rhoncus mauris enim leo rhoncus sed vestibulum sit amet cursus,60
100,13,62,61,tincidunt in leo maecenas pulvinar lobortis est phasellus sit amet erat nulla tempus,61
15,82,17,62,nunc commodo placerat praesent blandit nam nulla integer pede justo lacinia eget tincidunt eget tempus vel pede morbi,62
44,11,52,63,donec pharetra magna vestibulum aliquet ultrices erat tortor sollicitudin mi,63
12,10,48,64,cras pellentesque volutpat dui maecenas tristique est et tempus semper est quam pharetra magna ac consequat metus sapien ut,64
75,14,100,65,praesent blandit nam nulla integer pede justo lacinia eget tincidunt eget tempus vel pede morbi porttitor lorem,65
30,89,12,66,molestie lorem quisque ut erat curabitur gravida nisi at nibh in hac,66
54,14,97,67,duis aliquam convallis nunc proin at turpis a pede posuere nonummy integer non velit donec diam neque vestibulum eget vulputate,67
24,58,77,68,sagittis dui vel nisl duis ac nibh fusce lacus purus aliquet at feugiat non pretium,68
54,28,43,69,parturient montes nascetur ridiculus mus etiam vel augue vestibulum rutrum rutrum neque aenean auctor gravida sem praesent id,69
89,71,10,70,sapien arcu sed augue aliquam erat volutpat in congue etiam justo etiam pretium iaculis justo in hac habitasse platea dictumst,70
19,19,95,71,pede justo lacinia eget tincidunt eget tempus vel pede morbi porttitor lorem id ligula suspendisse ornare consequat,71
77,55,47,72,rutrum nulla tellus in sagittis dui vel nisl duis ac nibh fusce,72
63,98,51,73,nullam orci pede venenatis non sodales sed tincidunt eu felis fusce posuere felis sed lacus morbi,73
84,41,22,74,at velit eu est congue elementum in hac habitasse platea dictumst,74
51,84,9,75,pretium iaculis justo in hac habitasse platea dictumst etiam faucibus,75
1,90,61,76,sed ante vivamus tortor duis mattis egestas metus aenean fermentum donec ut mauris eget massa tempor convallis,76
94,80,55,77,ac est lacinia nisi venenatis tristique fusce congue diam id ornare imperdiet,77
23,60,41,78,mattis odio donec vitae nisi nam ultrices libero non mattis pulvinar nulla pede ullamcorper augue,78
42,55,19,79,orci vehicula condimentum curabitur in libero ut massa volutpat convallis morbi odio odio elementum eu,79
27,94,33,80,justo pellentesque viverra pede ac diam cras pellentesque volutpat dui maecenas tristique est,80
63,3,63,81,quam fringilla rhoncus mauris enim leo rhoncus sed vestibulum sit,81
44,36,24,82,leo odio porttitor id consequat in consequat ut nulla sed accumsan felis ut,82
51,30,25,83,orci eget orci vehicula condimentum curabitur in libero ut massa volutpat,83
89,67,69,84,massa tempor convallis nulla neque libero convallis eget eleifend luctus ultricies eu,84
93,36,49,85,sit amet sem fusce consequat nulla nisl nunc nisl duis bibendum,85
65,14,5,86,lobortis est phasellus sit amet erat nulla tempus vivamus in felis eu,86
64,50,78,87,venenatis lacinia aenean sit amet justo morbi ut odio cras mi pede malesuada in imperdiet et commodo vulputate justo in,87
44,29,41,88,dolor sit amet consectetuer adipiscing elit proin risus praesent lectus vestibulum quam sapien varius ut blandit,88
91,48,27,89,at velit vivamus vel nulla eget eros elementum pellentesque quisque porta volutpat erat,89
75,33,62,90,dolor vel est donec odio justo sollicitudin ut suscipit a feugiat et eros vestibulum ac est lacinia nisi venenatis,90
77,12,91,91,tristique fusce congue diam id ornare imperdiet sapien urna pretium nisl ut volutpat sapien arcu,91
52,56,21,92,mauris lacinia sapien quis libero nullam sit amet turpis elementum ligula,92
4,20,4,93,erat eros viverra eget congue eget semper rutrum nulla nunc,93
9,39,94,94,id justo sit amet sapien dignissim vestibulum vestibulum ante ipsum primis in faucibus orci luctus et ultrices posuere cubilia,94
43,68,7,95,natoque penatibus et magnis dis parturient montes nascetur ridiculus mus etiam vel augue vestibulum rutrum rutrum neque,95
39,14,96,96,vulputate nonummy maecenas tincidunt lacus at velit vivamus vel nulla eget eros elementum pellentesque quisque porta volutpat erat quisque erat,96
78,11,60,97,felis sed lacus morbi sem mauris laoreet ut rhoncus aliquet pulvinar sed nisl nunc rhoncus dui vel sem,97
70,61,72,98,et ultrices posuere cubilia curae nulla dapibus dolor vel est donec odio justo sollicitudin ut,98
75,64,71,99,metus vitae ipsum aliquam non mauris morbi non lectus aliquam sit amet,99
36,86,79,100,odio porttitor id consequat in consequat ut nulla sed accumsan felis ut at dolor quis odio,100
83,71,50,101,est congue elementum in hac habitasse platea dictumst morbi vestibulum velit id pretium iaculis diam erat,101
66,85,67,102,id pretium iaculis diam erat fermentum justo nec condimentum neque sapien placerat ante nulla justo aliquam quis,102
37,32,73,103,tristique in tempus sit amet sem fusce consequat nulla nisl nunc nisl duis bibendum felis sed,103
38,87,20,104,massa id lobortis convallis tortor risus dapibus augue vel accumsan tellus nisi eu orci mauris lacinia sapien quis libero nullam,104
76,18,22,105,pellentesque ultrices phasellus id sapien in sapien iaculis congue vivamus,105
31,10,20,106,lectus in quam fringilla rhoncus mauris enim leo rhoncus sed,106
29,42,67,107,consequat dui nec nisi volutpat eleifend donec ut dolor morbi vel,107
23,44,95,108,dolor vel est donec odio justo sollicitudin ut suscipit a feugiat,108
47,38,53,109,sit amet nunc viverra dapibus nulla suscipit ligula in lacus curabitur at,109
30,5,6,110,cras pellentesque volutpat dui maecenas tristique est et tempus semper est quam pharetra magna ac consequat,110
44,38,89,111,massa volutpat convallis morbi odio odio elementum eu interdum eu tincidunt in leo maecenas pulvinar lobortis,111
44,22,49,112,bibendum imperdiet nullam orci pede venenatis non sodales sed tincidunt eu felis fusce,112
86,23,95,113,non mattis pulvinar nulla pede ullamcorper augue a suscipit nulla elit ac nulla sed,113
77,66,28,114,risus praesent lectus vestibulum quam sapien varius ut blandit non interdum in ante vestibulum ante ipsum primis in,114
12,45,16,115,lectus in est risus auctor sed tristique in tempus sit amet sem fusce consequat nulla nisl nunc nisl duis bibendum,115
49,43,25,116,erat nulla tempus vivamus in felis eu sapien cursus vestibulum proin eu mi nulla ac enim in tempor turpis nec,116
95,45,83,117,nulla sed accumsan felis ut at dolor quis odio consequat,117
33,13,30,118,nam ultrices libero non mattis pulvinar nulla pede ullamcorper augue a suscipit nulla elit ac nulla sed vel enim,118
47,6,90,119,ut nulla sed accumsan felis ut at dolor quis odio consequat varius integer ac leo pellentesque ultrices mattis odio,119
26,15,2,120,sed sagittis nam congue risus semper porta volutpat quam pede lobortis ligula sit amet eleifend pede,120
74,89,62,121,ante vestibulum ante ipsum primis in faucibus orci luctus et ultrices posuere,121
79,9,64,122,magnis dis parturient montes nascetur ridiculus mus vivamus vestibulum sagittis sapien cum sociis natoque penatibus,122
41,70,89,123,suscipit nulla elit ac nulla sed vel enim sit amet nunc viverra dapibus nulla suscipit ligula in,123
65,60,43,124,id mauris vulputate elementum nullam varius nulla facilisi cras non velit nec nisi vulputate nonummy,124
48,90,68,125,ac neque duis bibendum morbi non quam nec dui luctus rutrum nulla tellus in sagittis,125
45,51,25,126,felis eu sapien cursus vestibulum proin eu mi nulla ac,126
20,84,50,127,nulla elit ac nulla sed vel enim sit amet nunc viverra dapibus nulla suscipit ligula in,127
81,12,84,128,eu felis fusce posuere felis sed lacus morbi sem mauris laoreet,128
54,35,79,129,suspendisse potenti cras in purus eu magna vulputate luctus cum sociis natoque penatibus et magnis dis parturient montes,129
76,47,31,130,erat curabitur gravida nisi at nibh in hac habitasse platea dictumst aliquam augue quam sollicitudin vitae consectetuer eget rutrum at,130
23,77,31,131,auctor gravida sem praesent id massa id nisl venenatis lacinia aenean sit amet justo morbi ut odio cras mi,131
3,98,58,132,pulvinar nulla pede ullamcorper augue a suscipit nulla elit ac nulla sed vel enim,132
49,87,72,133,quisque ut erat curabitur gravida nisi at nibh in hac,133
78,73,55,134,integer a nibh in quis justo maecenas rhoncus aliquam lacus morbi quis tortor id nulla ultrices aliquet,134
65,59,96,135,turpis sed ante vivamus tortor duis mattis egestas metus aenean fermentum donec ut mauris eget,135
99,82,48,136,luctus et ultrices posuere cubilia curae mauris viverra diam vitae,136
82,91,68,137,sit amet diam in magna bibendum imperdiet nullam orci pede,137
13,96,100,138,vel ipsum praesent blandit lacinia erat vestibulum sed magna at nunc commodo placerat praesent blandit nam,138
63,49,47,139,morbi odio odio elementum eu interdum eu tincidunt in leo maecenas pulvinar,139
51,78,99,140,integer ac leo pellentesque ultrices mattis odio donec vitae nisi nam ultrices libero non mattis pulvinar nulla,140
4,72,96,141,nam nulla integer pede justo lacinia eget tincidunt eget tempus vel pede morbi porttitor lorem id ligula,141
73,88,20,142,luctus et ultrices posuere cubilia curae donec pharetra magna vestibulum aliquet ultrices erat tortor sollicitudin,142
81,52,67,143,at vulputate vitae nisl aenean lectus pellentesque eget nunc donec quis orci eget orci,143
13,53,27,144,eget vulputate ut ultrices vel augue vestibulum ante ipsum primis in faucibus orci luctus et,144
36,51,59,145,aliquet pulvinar sed nisl nunc rhoncus dui vel sem sed sagittis nam congue risus semper,145
65,17,10,146,dolor vel est donec odio justo sollicitudin ut suscipit a feugiat et,146
36,53,86,147,vitae nisl aenean lectus pellentesque eget nunc donec quis orci,147
61,68,58,148,dignissim vestibulum vestibulum ante ipsum primis in faucibus orci luctus et ultrices posuere,148
2,83,100,149,in eleifend quam a odio in hac habitasse platea dictumst maecenas ut massa quis augue luctus tincidunt,149
48,86,79,150,arcu adipiscing molestie hendrerit at vulputate vitae nisl aenean lectus pellentesque eget nunc donec quis orci eget orci,150
100,18,73,151,libero quis orci nullam molestie nibh in lectus pellentesque at nulla suspendisse potenti cras in,151
37,36,3,152,sagittis sapien cum sociis natoque penatibus et magnis dis parturient montes nascetur ridiculus,152
4,52,89,153,ac neque duis bibendum morbi non quam nec dui luctus rutrum nulla tellus in sagittis dui,153
29,96,92,154,ipsum dolor sit amet consectetuer adipiscing elit proin interdum mauris non ligula pellentesque ultrices phasellus,154
93,68,47,155,vestibulum vestibulum ante ipsum primis in faucibus orci luctus et ultrices posuere cubilia curae nulla dapibus dolor vel est donec,155
96,87,64,156,mauris laoreet ut rhoncus aliquet pulvinar sed nisl nunc rhoncus dui vel sem sed sagittis nam congue risus,156
24,19,65,157,aenean auctor gravida sem praesent id massa id nisl venenatis lacinia aenean sit amet justo morbi ut odio cras mi,157
11,15,8,158,nunc rhoncus dui vel sem sed sagittis nam congue risus semper,158
56,84,91,159,a ipsum integer a nibh in quis justo maecenas rhoncus aliquam lacus morbi quis tortor,159
98,83,65,160,porttitor lorem id ligula suspendisse ornare consequat lectus in est risus auctor sed tristique in tempus sit amet,160
83,50,13,161,fusce lacus purus aliquet at feugiat non pretium quis lectus suspendisse potenti in eleifend quam a odio in,161
49,6,6,162,nam congue risus semper porta volutpat quam pede lobortis ligula sit amet eleifend pede libero quis,162
2,21,84,163,facilisi cras non velit nec nisi vulputate nonummy maecenas tincidunt lacus at velit,163
56,51,6,164,libero nam dui proin leo odio porttitor id consequat in consequat ut nulla sed accumsan felis ut,164
95,13,33,165,dolor morbi vel lectus in quam fringilla rhoncus mauris enim leo rhoncus,165
56,22,97,166,risus dapibus augue vel accumsan tellus nisi eu orci mauris lacinia,166
30,56,15,167,vivamus vestibulum sagittis sapien cum sociis natoque penatibus et magnis dis parturient montes nascetur ridiculus,167
89,28,93,168,non interdum in ante vestibulum ante ipsum primis in faucibus orci luctus et ultrices posuere cubilia curae duis,168
24,78,65,169,augue a suscipit nulla elit ac nulla sed vel enim sit amet nunc viverra dapibus nulla suscipit ligula,169
7,78,75,170,velit vivamus vel nulla eget eros elementum pellentesque quisque porta volutpat erat,170
93,2,2,171,eget tincidunt eget tempus vel pede morbi porttitor lorem id ligula suspendisse ornare consequat lectus in est risus auctor,171
48,96,96,172,rhoncus mauris enim leo rhoncus sed vestibulum sit amet cursus id turpis integer aliquet massa,172
6,55,40,173,etiam pretium iaculis justo in hac habitasse platea dictumst etiam,173
49,78,98,174,odio porttitor id consequat in consequat ut nulla sed accumsan felis ut at dolor quis odio consequat,174
51,44,62,175,non velit donec diam neque vestibulum eget vulputate ut ultrices vel augue vestibulum,175
52,11,26,176,felis fusce posuere felis sed lacus morbi sem mauris laoreet ut rhoncus aliquet,176
7,62,4,177,eu interdum eu tincidunt in leo maecenas pulvinar lobortis est phasellus sit amet erat nulla,177
70,68,63,178,dolor morbi vel lectus in quam fringilla rhoncus mauris enim leo rhoncus sed vestibulum sit,178
72,96,54,179,tincidunt eu felis fusce posuere felis sed lacus morbi sem mauris laoreet ut rhoncus,179
1,79,10,180,in consequat ut nulla sed accumsan felis ut at dolor quis,180
15,9,79,181,congue etiam justo etiam pretium iaculis justo in hac habitasse platea,181
82,46,2,182,integer a nibh in quis justo maecenas rhoncus aliquam lacus morbi quis tortor id,182
42,30,30,183,ante ipsum primis in faucibus orci luctus et ultrices posuere cubilia curae donec pharetra magna vestibulum aliquet ultrices erat,183
43,6,50,184,arcu libero rutrum ac lobortis vel dapibus at diam nam tristique tortor eu pede,184
20,1,52,185,in hac habitasse platea dictumst aliquam augue quam sollicitudin vitae consectetuer eget rutrum,185
99,99,32,186,cursus vestibulum proin eu mi nulla ac enim in tempor turpis nec euismod scelerisque quam turpis adipiscing lorem vitae,186
49,74,70,187,nonummy maecenas tincidunt lacus at velit vivamus vel nulla eget eros elementum pellentesque quisque porta volutpat erat quisque erat eros,187
100,52,82,188,proin eu mi nulla ac enim in tempor turpis nec euismod scelerisque quam turpis adipiscing lorem vitae,188
76,30,68,189,amet consectetuer adipiscing elit proin risus praesent lectus vestibulum quam sapien varius ut,189
4,30,9,190,nulla facilisi cras non velit nec nisi vulputate nonummy maecenas tincidunt lacus at velit vivamus vel nulla eget eros elementum,190
19,78,77,191,viverra pede ac diam cras pellentesque volutpat dui maecenas tristique est et tempus semper est,191
41,73,27,192,ante ipsum primis in faucibus orci luctus et ultrices posuere cubilia curae duis faucibus accumsan odio curabitur convallis duis,192
64,56,71,193,ante vel ipsum praesent blandit lacinia erat vestibulum sed magna at nunc commodo placerat praesent,193
70,81,90,194,magnis dis parturient montes nascetur ridiculus mus vivamus vestibulum sagittis sapien cum sociis natoque penatibus et magnis,194
55,21,59,195,blandit ultrices enim lorem ipsum dolor sit amet consectetuer adipiscing,195
15,53,72,196,pede ac diam cras pellentesque volutpat dui maecenas tristique est et,196
30,69,50,197,venenatis turpis enim blandit mi in porttitor pede justo eu massa donec dapibus duis at velit eu,197
91,94,14,198,ornare imperdiet sapien urna pretium nisl ut volutpat sapien arcu sed augue aliquam erat volutpat in congue etiam,198
32,56,25,199,in purus eu magna vulputate luctus cum sociis natoque penatibus et magnis dis parturient montes nascetur ridiculus mus vivamus,199
43,21,51,200,vel augue vestibulum rutrum rutrum neque aenean auctor gravida sem praesent id,200
67,87,13,201,auctor gravida sem praesent id massa id nisl venenatis lacinia aenean sit amet justo morbi ut odio cras mi,201
99,87,75,202,congue risus semper porta volutpat quam pede lobortis ligula sit amet,202
49,53,11,203,sed ante vivamus tortor duis mattis egestas metus aenean fermentum donec ut mauris eget massa tempor convallis,203
47,84,82,204,quam fringilla rhoncus mauris enim leo rhoncus sed vestibulum sit amet cursus id turpis integer,204
99,10,28,205,ac neque duis bibendum morbi non quam nec dui luctus rutrum nulla tellus in sagittis dui vel,205
13,91,74,206,cras pellentesque volutpat dui maecenas tristique est et tempus semper,206
34,81,56,207,sed magna at nunc commodo placerat praesent blandit nam nulla integer pede justo lacinia eget tincidunt eget tempus vel pede,207
35,70,30,208,posuere cubilia curae nulla dapibus dolor vel est donec odio justo sollicitudin ut suscipit,208
40,61,64,209,dapibus nulla suscipit ligula in lacus curabitur at ipsum ac tellus,209
92,53,29,210,donec ut dolor morbi vel lectus in quam fringilla rhoncus mauris enim leo rhoncus sed,210
95,88,30,211,et magnis dis parturient montes nascetur ridiculus mus etiam vel augue vestibulum rutrum rutrum neque aenean auctor gravida sem praesent,211
51,13,98,212,nulla neque libero convallis eget eleifend luctus ultricies eu nibh quisque,212
93,46,11,213,platea dictumst etiam faucibus cursus urna ut tellus nulla ut,213
44,73,79,214,luctus rutrum nulla tellus in sagittis dui vel nisl duis ac nibh fusce lacus purus aliquet at feugiat,214
97,59,87,215,facilisi cras non velit nec nisi vulputate nonummy maecenas tincidunt lacus at velit vivamus,215
54,80,49,216,sapien in sapien iaculis congue vivamus metus arcu adipiscing molestie hendrerit at vulputate vitae nisl aenean lectus pellentesque,216
15,15,65,217,ridiculus mus vivamus vestibulum sagittis sapien cum sociis natoque penatibus et magnis dis parturient,217
35,43,11,218,amet erat nulla tempus vivamus in felis eu sapien cursus vestibulum proin eu mi nulla ac,218
83,67,72,219,tellus in sagittis dui vel nisl duis ac nibh fusce lacus purus aliquet at feugiat non pretium quis,219
27,47,27,220,enim lorem ipsum dolor sit amet consectetuer adipiscing elit proin interdum mauris non ligula pellentesque ultrices phasellus id,220
28,60,20,221,diam in magna bibendum imperdiet nullam orci pede venenatis non sodales sed tincidunt eu felis fusce posuere felis sed,221
71,60,94,222,luctus cum sociis natoque penatibus et magnis dis parturient montes nascetur ridiculus mus vivamus,222
22,88,49,223,at velit eu est congue elementum in hac habitasse platea dictumst,223
25,42,55,224,accumsan odio curabitur convallis duis consequat dui nec nisi volutpat,224
67,68,7,225,platea dictumst etiam faucibus cursus urna ut tellus nulla ut erat,225
20,51,9,226,turpis elementum ligula vehicula consequat morbi a ipsum integer a nibh in quis justo maecenas rhoncus aliquam lacus morbi,226
15,31,70,227,potenti cras in purus eu magna vulputate luctus cum sociis natoque penatibus et magnis,227
51,80,8,228,rutrum rutrum neque aenean auctor gravida sem praesent id massa id nisl venenatis lacinia,228
92,38,49,229,donec pharetra magna vestibulum aliquet ultrices erat tortor sollicitudin mi sit amet lobortis sapien sapien non mi integer ac neque,229
44,21,69,230,praesent blandit lacinia erat vestibulum sed magna at nunc commodo placerat praesent blandit nam,230
66,68,84,231,luctus cum sociis natoque penatibus et magnis dis parturient montes,231
65,78,10,232,primis in faucibus orci luctus et ultrices posuere cubilia curae donec pharetra magna vestibulum aliquet ultrices erat tortor sollicitudin mi,232
27,85,33,233,vel lectus in quam fringilla rhoncus mauris enim leo rhoncus sed vestibulum,233
12,34,48,234,nec nisi vulputate nonummy maecenas tincidunt lacus at velit vivamus vel nulla,234
15,47,67,235,aliquam convallis nunc proin at turpis a pede posuere nonummy integer,235
53,70,68,236,ultrices posuere cubilia curae nulla dapibus dolor vel est donec,236
79,46,19,237,etiam vel augue vestibulum rutrum rutrum neque aenean auctor gravida sem praesent id,237
98,79,65,238,lobortis est phasellus sit amet erat nulla tempus vivamus in felis eu sapien cursus vestibulum proin,238
43,1,58,239,curabitur at ipsum ac tellus semper interdum mauris ullamcorper purus sit amet nulla quisque arcu libero rutrum ac lobortis vel,239
46,59,77,240,eleifend pede libero quis orci nullam molestie nibh in lectus pellentesque at nulla suspendisse,240
31,76,33,241,vel sem sed sagittis nam congue risus semper porta volutpat quam pede lobortis ligula,241
31,60,4,242,suspendisse ornare consequat lectus in est risus auctor sed tristique in tempus sit amet sem fusce,242
8,59,6,243,tristique est et tempus semper est quam pharetra magna ac consequat metus sapien ut,243
13,83,69,244,amet sapien dignissim vestibulum vestibulum ante ipsum primis in faucibus orci luctus et ultrices posuere cubilia curae,244
92,64,100,245,ridiculus mus vivamus vestibulum sagittis sapien cum sociis natoque penatibus,245
3,35,60,246,nisi vulputate nonummy maecenas tincidunt lacus at velit vivamus vel nulla eget eros elementum pellentesque quisque porta volutpat erat,246
94,20,38,247,ligula sit amet eleifend pede libero quis orci nullam molestie nibh in,247
35,87,98,248,semper porta volutpat quam pede lobortis ligula sit amet eleifend pede libero quis orci nullam,248
9,80,93,249,adipiscing molestie hendrerit at vulputate vitae nisl aenean lectus pellentesque eget nunc donec quis orci eget orci vehicula condimentum curabitur,249
37,22,1,250,non interdum in ante vestibulum ante ipsum primis in faucibus orci luctus et ultrices,250
17,8,13,251,eleifend luctus ultricies eu nibh quisque id justo sit amet sapien dignissim,251
16,10,60,252,ornare consequat lectus in est risus auctor sed tristique in tempus sit amet sem,252
6,6,33,253,eros vestibulum ac est lacinia nisi venenatis tristique fusce congue diam id ornare imperdiet sapien urna pretium,253
73,9,70,254,ut massa volutpat convallis morbi odio odio elementum eu interdum eu tincidunt in leo maecenas pulvinar lobortis est,254
85,31,43,255,velit donec diam neque vestibulum eget vulputate ut ultrices vel augue vestibulum ante ipsum primis in faucibus orci luctus,255
66,2,6,256,nullam sit amet turpis elementum ligula vehicula consequat morbi a ipsum,256
62,7,15,257,donec vitae nisi nam ultrices libero non mattis pulvinar nulla pede ullamcorper augue a,257
57,29,88,258,condimentum curabitur in libero ut massa volutpat convallis morbi odio odio elementum eu,258
80,78,36,259,lectus vestibulum quam sapien varius ut blandit non interdum in ante vestibulum ante ipsum primis,259
88,14,89,260,praesent id massa id nisl venenatis lacinia aenean sit amet justo morbi ut odio cras mi pede,260
96,45,67,261,diam cras pellentesque volutpat dui maecenas tristique est et tempus semper est,261
97,8,40,262,turpis elementum ligula vehicula consequat morbi a ipsum integer a nibh in quis justo maecenas,262
64,19,84,263,phasellus sit amet erat nulla tempus vivamus in felis eu sapien,263
67,47,15,264,sollicitudin ut suscipit a feugiat et eros vestibulum ac est lacinia,264
10,62,69,265,velit eu est congue elementum in hac habitasse platea dictumst morbi vestibulum velit id pretium iaculis diam erat,265
77,41,20,266,porta volutpat quam pede lobortis ligula sit amet eleifend pede libero quis orci nullam molestie nibh in,266
70,93,6,267,sit amet eleifend pede libero quis orci nullam molestie nibh in lectus pellentesque,267
68,89,10,268,quis lectus suspendisse potenti in eleifend quam a odio in hac habitasse platea dictumst maecenas ut massa,268
67,51,100,269,tincidunt in leo maecenas pulvinar lobortis est phasellus sit amet erat nulla tempus vivamus in felis eu,269
66,91,44,270,velit vivamus vel nulla eget eros elementum pellentesque quisque porta volutpat erat quisque erat eros viverra,270
83,34,64,271,integer non velit donec diam neque vestibulum eget vulputate ut ultrices vel augue vestibulum ante ipsum primis in,271
93,62,13,272,bibendum imperdiet nullam orci pede venenatis non sodales sed tincidunt eu,272
22,60,73,273,pharetra magna vestibulum aliquet ultrices erat tortor sollicitudin mi sit,273
2,51,83,274,pede malesuada in imperdiet et commodo vulputate justo in blandit ultrices enim lorem ipsum dolor sit amet consectetuer adipiscing,274
73,47,59,275,sed ante vivamus tortor duis mattis egestas metus aenean fermentum donec ut mauris eget,275
44,99,24,276,ipsum dolor sit amet consectetuer adipiscing elit proin risus praesent lectus vestibulum quam sapien varius ut,276
41,15,63,277,nunc purus phasellus in felis donec semper sapien a libero nam dui proin leo odio porttitor id,277
50,98,12,278,at dolor quis odio consequat varius integer ac leo pellentesque ultrices mattis odio donec vitae nisi nam ultrices libero non,278
9,10,62,279,amet eleifend pede libero quis orci nullam molestie nibh in lectus pellentesque at nulla suspendisse potenti,279
30,57,80,280,suscipit a feugiat et eros vestibulum ac est lacinia nisi venenatis,280
48,33,48,281,erat volutpat in congue etiam justo etiam pretium iaculis justo in hac habitasse platea,281
100,66,14,282,erat curabitur gravida nisi at nibh in hac habitasse platea dictumst aliquam augue quam sollicitudin vitae consectetuer,282
65,64,21,283,eget semper rutrum nulla nunc purus phasellus in felis donec semper,283
100,68,62,284,justo aliquam quis turpis eget elit sodales scelerisque mauris sit amet eros suspendisse accumsan tortor quis turpis sed ante,284
53,16,19,285,aliquet pulvinar sed nisl nunc rhoncus dui vel sem sed sagittis nam congue risus semper porta,285
34,18,2,286,vel enim sit amet nunc viverra dapibus nulla suscipit ligula in lacus curabitur at ipsum ac tellus semper interdum,286
8,96,11,287,pede venenatis non sodales sed tincidunt eu felis fusce posuere felis sed lacus morbi sem mauris laoreet ut rhoncus,287
3,87,23,288,elit ac nulla sed vel enim sit amet nunc viverra dapibus nulla,288
14,97,31,289,nulla pede ullamcorper augue a suscipit nulla elit ac nulla sed vel enim sit amet nunc viverra dapibus nulla,289
78,58,58,290,nulla dapibus dolor vel est donec odio justo sollicitudin ut suscipit a feugiat et eros vestibulum,290
60,71,39,291,feugiat et eros vestibulum ac est lacinia nisi venenatis tristique fusce congue diam id ornare,291
30,66,60,292,turpis enim blandit mi in porttitor pede justo eu massa donec dapibus duis at velit,292
77,96,94,293,nulla integer pede justo lacinia eget tincidunt eget tempus vel,293
69,35,98,294,lacus morbi sem mauris laoreet ut rhoncus aliquet pulvinar sed nisl nunc rhoncus dui vel sem sed,294
75,65,39,295,suscipit a feugiat et eros vestibulum ac est lacinia nisi venenatis tristique fusce congue diam,295
67,36,67,296,nullam molestie nibh in lectus pellentesque at nulla suspendisse potenti cras in purus eu magna vulputate luctus cum sociis natoque,296
51,46,3,297,posuere metus vitae ipsum aliquam non mauris morbi non lectus aliquam sit amet diam in magna,297
62,29,64,298,porta volutpat erat quisque erat eros viverra eget congue eget semper,298
51,17,4,299,donec pharetra magna vestibulum aliquet ultrices erat tortor sollicitudin mi,299
37,49,31,300,suscipit nulla elit ac nulla sed vel enim sit amet,300
23,3,17,301,lacus at velit vivamus vel nulla eget eros elementum pellentesque quisque porta volutpat erat quisque erat eros viverra eget congue,301
72,9,78,302,sollicitudin ut suscipit a feugiat et eros vestibulum ac est lacinia nisi venenatis tristique fusce congue diam id,302
72,70,99,303,mi sit amet lobortis sapien sapien non mi integer ac neque duis bibendum morbi non quam nec dui luctus rutrum,303
64,47,72,304,lobortis ligula sit amet eleifend pede libero quis orci nullam molestie nibh in lectus pellentesque at,304
47,32,76,305,eleifend donec ut dolor morbi vel lectus in quam fringilla rhoncus mauris enim leo,305
100,6,42,306,ipsum dolor sit amet consectetuer adipiscing elit proin risus praesent lectus vestibulum,306
64,83,9,307,nulla justo aliquam quis turpis eget elit sodales scelerisque mauris sit amet eros suspendisse accumsan tortor quis turpis sed ante,307
50,60,69,308,luctus et ultrices posuere cubilia curae nulla dapibus dolor vel est donec odio,308
4,23,11,309,luctus cum sociis natoque penatibus et magnis dis parturient montes nascetur ridiculus mus vivamus,309
93,13,100,310,cubilia curae duis faucibus accumsan odio curabitur convallis duis consequat dui nec nisi volutpat eleifend donec ut,310
56,44,26,311,quam sapien varius ut blandit non interdum in ante vestibulum ante ipsum,311
92,47,87,312,aliquet massa id lobortis convallis tortor risus dapibus augue vel accumsan tellus nisi eu orci,312
81,28,5,313,augue a suscipit nulla elit ac nulla sed vel enim sit,313
68,20,88,314,morbi non quam nec dui luctus rutrum nulla tellus in,314
41,1,78,315,varius nulla facilisi cras non velit nec nisi vulputate nonummy maecenas tincidunt lacus at velit vivamus vel,315
17,54,36,316,quis augue luctus tincidunt nulla mollis molestie lorem quisque ut erat curabitur gravida nisi at nibh in hac habitasse platea,316
36,68,29,317,nunc proin at turpis a pede posuere nonummy integer non velit donec diam,317
21,71,44,318,morbi ut odio cras mi pede malesuada in imperdiet et commodo vulputate justo in blandit ultrices enim lorem ipsum dolor,318
80,91,77,319,suscipit nulla elit ac nulla sed vel enim sit amet nunc,319
94,49,70,320,dictumst etiam faucibus cursus urna ut tellus nulla ut erat id mauris vulputate elementum nullam varius nulla,320
18,42,56,321,ante vel ipsum praesent blandit lacinia erat vestibulum sed magna at nunc commodo placerat praesent blandit nam nulla,321
62,3,70,322,nisl duis ac nibh fusce lacus purus aliquet at feugiat non pretium quis lectus suspendisse potenti in,322
53,39,77,323,imperdiet nullam orci pede venenatis non sodales sed tincidunt eu felis fusce posuere felis,323
79,82,58,324,id massa id nisl venenatis lacinia aenean sit amet justo morbi ut odio cras mi pede malesuada in imperdiet,324
32,16,62,325,at nibh in hac habitasse platea dictumst aliquam augue quam sollicitudin vitae consectetuer,325
51,50,60,326,a pede posuere nonummy integer non velit donec diam neque vestibulum eget,326
33,79,53,327,etiam vel augue vestibulum rutrum rutrum neque aenean auctor gravida sem praesent id massa,327
32,99,58,328,luctus et ultrices posuere cubilia curae duis faucibus accumsan odio,328
23,84,33,329,lorem vitae mattis nibh ligula nec sem duis aliquam convallis nunc proin at turpis a,329
85,25,36,330,justo nec condimentum neque sapien placerat ante nulla justo aliquam,330
36,70,44,331,nisi eu orci mauris lacinia sapien quis libero nullam sit amet turpis elementum ligula vehicula,331
12,2,62,332,non velit nec nisi vulputate nonummy maecenas tincidunt lacus at velit vivamus vel nulla eget eros elementum,332
39,27,42,333,vitae quam suspendisse potenti nullam porttitor lacus at turpis donec posuere metus vitae ipsum,333
43,94,7,334,curabitur in libero ut massa volutpat convallis morbi odio odio elementum,334
62,1,86,335,ante ipsum primis in faucibus orci luctus et ultrices posuere cubilia curae donec pharetra magna vestibulum,335
96,27,38,336,donec pharetra magna vestibulum aliquet ultrices erat tortor sollicitudin mi sit amet lobortis sapien sapien non mi integer,336
94,83,98,337,nullam porttitor lacus at turpis donec posuere metus vitae ipsum aliquam non mauris morbi,337
29,80,21,338,orci luctus et ultrices posuere cubilia curae nulla dapibus dolor vel est donec odio justo sollicitudin ut suscipit a,338
46,60,86,339,non interdum in ante vestibulum ante ipsum primis in faucibus orci luctus,339
89,39,63,340,proin at turpis a pede posuere nonummy integer non velit donec diam neque vestibulum eget vulputate ut,340
17,26,87,341,eget nunc donec quis orci eget orci vehicula condimentum curabitur in libero ut massa volutpat convallis morbi odio odio,341
79,7,40,342,aliquam sit amet diam in magna bibendum imperdiet nullam orci,342
78,84,5,343,amet lobortis sapien sapien non mi integer ac neque duis bibendum morbi non quam nec dui luctus rutrum,343
5,15,3,344,sapien placerat ante nulla justo aliquam quis turpis eget elit sodales scelerisque mauris sit amet eros suspendisse accumsan,344
40,73,27,345,mattis egestas metus aenean fermentum donec ut mauris eget massa tempor convallis nulla neque libero convallis eget eleifend,345
79,71,6,346,iaculis congue vivamus metus arcu adipiscing molestie hendrerit at vulputate vitae nisl aenean lectus pellentesque,346
80,23,8,347,pede ac diam cras pellentesque volutpat dui maecenas tristique est et,347
1,59,78,348,tincidunt ante vel ipsum praesent blandit lacinia erat vestibulum sed magna at nunc commodo placerat praesent blandit nam nulla integer,348
58,23,76,349,in purus eu magna vulputate luctus cum sociis natoque penatibus et magnis dis parturient montes nascetur,349
61,96,14,350,ipsum ac tellus semper interdum mauris ullamcorper purus sit amet nulla quisque arcu,350
52,52,71,351,venenatis tristique fusce congue diam id ornare imperdiet sapien urna pretium nisl ut volutpat sapien arcu sed,351
90,58,65,352,sapien dignissim vestibulum vestibulum ante ipsum primis in faucibus orci luctus,352
91,55,77,353,suspendisse ornare consequat lectus in est risus auctor sed tristique in tempus sit amet,353
94,48,100,354,pellentesque at nulla suspendisse potenti cras in purus eu magna vulputate luctus cum sociis natoque,354
41,37,64,355,id consequat in consequat ut nulla sed accumsan felis ut at dolor quis odio consequat varius integer ac leo pellentesque,355
25,65,84,356,dis parturient montes nascetur ridiculus mus etiam vel augue vestibulum rutrum rutrum neque aenean auctor gravida sem praesent,356
39,67,2,357,duis mattis egestas metus aenean fermentum donec ut mauris eget massa tempor convallis nulla,357
32,99,48,358,nisi at nibh in hac habitasse platea dictumst aliquam augue quam sollicitudin vitae consectetuer eget rutrum,358
66,89,60,359,magna vestibulum aliquet ultrices erat tortor sollicitudin mi sit amet lobortis sapien sapien non mi integer ac neque duis,359
85,26,91,360,metus vitae ipsum aliquam non mauris morbi non lectus aliquam sit amet diam in magna bibendum,360
59,18,21,361,rutrum neque aenean auctor gravida sem praesent id massa id nisl venenatis lacinia aenean sit amet justo,361
40,19,75,362,condimentum id luctus nec molestie sed justo pellentesque viverra pede ac diam,362
93,55,65,363,velit vivamus vel nulla eget eros elementum pellentesque quisque porta volutpat erat quisque erat eros,363
80,58,5,364,sapien ut nunc vestibulum ante ipsum primis in faucibus orci luctus et,364
52,22,2,365,pulvinar sed nisl nunc rhoncus dui vel sem sed sagittis nam congue risus semper porta volutpat quam,365
49,99,41,366,risus praesent lectus vestibulum quam sapien varius ut blandit non interdum in ante,366
9,29,23,367,in lectus pellentesque at nulla suspendisse potenti cras in purus eu magna vulputate luctus cum sociis natoque penatibus et,367
23,29,100,368,a feugiat et eros vestibulum ac est lacinia nisi venenatis,368
56,34,96,369,facilisi cras non velit nec nisi vulputate nonummy maecenas tincidunt lacus at velit vivamus vel nulla eget eros elementum,369
78,27,98,370,quis libero nullam sit amet turpis elementum ligula vehicula consequat morbi a ipsum integer a nibh in quis justo,370
75,11,65,371,turpis adipiscing lorem vitae mattis nibh ligula nec sem duis,371
52,34,73,372,sapien placerat ante nulla justo aliquam quis turpis eget elit sodales scelerisque mauris sit amet,372
50,36,58,373,justo in blandit ultrices enim lorem ipsum dolor sit amet consectetuer adipiscing elit proin interdum mauris non ligula,373
84,74,90,374,maecenas leo odio condimentum id luctus nec molestie sed justo pellentesque viverra pede ac diam cras pellentesque,374
40,24,28,375,sit amet turpis elementum ligula vehicula consequat morbi a ipsum integer a nibh in,375
37,98,50,376,vestibulum proin eu mi nulla ac enim in tempor turpis nec euismod scelerisque quam turpis adipiscing lorem,376
8,79,23,377,auctor gravida sem praesent id massa id nisl venenatis lacinia,377
22,14,21,378,magna bibendum imperdiet nullam orci pede venenatis non sodales sed tincidunt eu felis fusce posuere felis sed lacus,378
88,91,83,379,a odio in hac habitasse platea dictumst maecenas ut massa quis augue luctus tincidunt nulla mollis molestie lorem quisque,379
70,38,18,380,molestie sed justo pellentesque viverra pede ac diam cras pellentesque volutpat dui maecenas tristique est et,380
3,1,86,381,semper rutrum nulla nunc purus phasellus in felis donec semper sapien a libero nam dui proin leo,381
31,83,8,382,cursus vestibulum proin eu mi nulla ac enim in tempor turpis,382
84,8,66,383,in felis eu sapien cursus vestibulum proin eu mi nulla ac enim in tempor turpis nec euismod scelerisque,383
23,90,53,384,rutrum neque aenean auctor gravida sem praesent id massa id nisl venenatis lacinia aenean sit amet,384
99,75,10,385,et magnis dis parturient montes nascetur ridiculus mus vivamus vestibulum sagittis sapien cum sociis natoque penatibus et magnis dis parturient,385
59,3,7,386,pellentesque quisque porta volutpat erat quisque erat eros viverra eget congue eget semper rutrum nulla nunc purus,386
22,59,65,387,neque sapien placerat ante nulla justo aliquam quis turpis eget elit sodales scelerisque mauris sit amet eros,387
18,81,8,388,ultrices erat tortor sollicitudin mi sit amet lobortis sapien sapien non mi integer ac neque duis,388
90,33,48,389,massa volutpat convallis morbi odio odio elementum eu interdum eu tincidunt in leo maecenas pulvinar lobortis est phasellus sit amet,389
59,13,73,390,consequat metus sapien ut nunc vestibulum ante ipsum primis in faucibus orci luctus et ultrices posuere cubilia curae,390
17,4,94,391,elit sodales scelerisque mauris sit amet eros suspendisse accumsan tortor quis turpis sed ante,391
34,16,96,392,enim blandit mi in porttitor pede justo eu massa donec dapibus duis at velit eu est congue elementum in hac,392
54,13,80,393,viverra pede ac diam cras pellentesque volutpat dui maecenas tristique est et tempus semper est quam pharetra magna ac consequat,393
66,65,56,394,in ante vestibulum ante ipsum primis in faucibus orci luctus,394
71,98,95,395,magna ac consequat metus sapien ut nunc vestibulum ante ipsum,395
42,41,54,396,at lorem integer tincidunt ante vel ipsum praesent blandit lacinia erat vestibulum sed magna at nunc commodo,396
17,38,44,397,morbi sem mauris laoreet ut rhoncus aliquet pulvinar sed nisl,397
35,93,84,398,odio condimentum id luctus nec molestie sed justo pellentesque viverra,398
72,87,39,399,est et tempus semper est quam pharetra magna ac consequat metus sapien ut nunc vestibulum ante ipsum primis,399
73,95,68,400,vehicula consequat morbi a ipsum integer a nibh in quis,400
45,40,36,401,vivamus metus arcu adipiscing molestie hendrerit at vulputate vitae nisl aenean lectus pellentesque eget nunc,401
72,9,47,402,sollicitudin ut suscipit a feugiat et eros vestibulum ac est lacinia nisi venenatis tristique fusce congue diam id ornare,402
47,70,97,403,aenean sit amet justo morbi ut odio cras mi pede malesuada,403
43,79,76,404,nunc proin at turpis a pede posuere nonummy integer non velit,404
37,78,66,405,nullam sit amet turpis elementum ligula vehicula consequat morbi a ipsum integer a nibh in quis,405
7,15,98,406,imperdiet sapien urna pretium nisl ut volutpat sapien arcu sed augue aliquam,406
54,72,73,407,lectus pellentesque at nulla suspendisse potenti cras in purus eu magna vulputate luctus cum sociis natoque penatibus,407
80,28,18,408,vivamus vestibulum sagittis sapien cum sociis natoque penatibus et magnis dis parturient montes nascetur ridiculus mus etiam vel,408
47,93,79,409,amet lobortis sapien sapien non mi integer ac neque duis bibendum morbi,409
50,15,56,410,aliquet massa id lobortis convallis tortor risus dapibus augue vel accumsan,410
77,92,17,411,vitae nisl aenean lectus pellentesque eget nunc donec quis orci eget orci vehicula,411
23,85,28,412,luctus ultricies eu nibh quisque id justo sit amet sapien dignissim vestibulum vestibulum ante ipsum primis,412
85,5,71,413,viverra dapibus nulla suscipit ligula in lacus curabitur at ipsum ac tellus semper interdum mauris ullamcorper purus,413
80,35,71,414,id sapien in sapien iaculis congue vivamus metus arcu adipiscing molestie,414
73,45,63,415,diam vitae quam suspendisse potenti nullam porttitor lacus at turpis donec posuere metus,415
56,64,31,416,curae duis faucibus accumsan odio curabitur convallis duis consequat dui nec nisi,416
87,57,76,417,non mattis pulvinar nulla pede ullamcorper augue a suscipit nulla elit ac nulla,417
40,29,84,418,tellus semper interdum mauris ullamcorper purus sit amet nulla quisque arcu libero rutrum ac lobortis vel dapibus,418
6,88,98,419,mattis egestas metus aenean fermentum donec ut mauris eget massa tempor convallis nulla neque libero convallis eget,419
8,21,31,420,convallis nunc proin at turpis a pede posuere nonummy integer,420
24,25,54,421,consequat in consequat ut nulla sed accumsan felis ut at,421
10,45,23,422,turpis nec euismod scelerisque quam turpis adipiscing lorem vitae mattis nibh ligula nec sem duis aliquam convallis nunc proin at,422
93,6,46,423,aliquam lacus morbi quis tortor id nulla ultrices aliquet maecenas leo odio condimentum id luctus nec molestie sed justo pellentesque,423
63,65,42,424,libero nam dui proin leo odio porttitor id consequat in consequat ut nulla sed accumsan felis ut at dolor,424
21,77,55,425,interdum eu tincidunt in leo maecenas pulvinar lobortis est phasellus sit amet erat nulla tempus vivamus in felis eu sapien,425
68,30,76,426,tincidunt eget tempus vel pede morbi porttitor lorem id ligula suspendisse,426
21,84,99,427,cum sociis natoque penatibus et magnis dis parturient montes nascetur ridiculus mus vivamus vestibulum sagittis sapien cum,427
6,42,86,428,ultrices libero non mattis pulvinar nulla pede ullamcorper augue a suscipit nulla elit ac,428
91,20,70,429,lobortis sapien sapien non mi integer ac neque duis bibendum morbi,429
20,81,94,430,mi integer ac neque duis bibendum morbi non quam nec dui luctus rutrum nulla tellus in sagittis dui vel,430
99,45,48,431,felis ut at dolor quis odio consequat varius integer ac leo pellentesque ultrices mattis odio donec vitae nisi nam ultrices,431
93,36,94,432,sociis natoque penatibus et magnis dis parturient montes nascetur ridiculus mus vivamus vestibulum sagittis sapien cum sociis,432
26,17,2,433,libero ut massa volutpat convallis morbi odio odio elementum eu interdum,433
94,44,8,434,erat fermentum justo nec condimentum neque sapien placerat ante nulla justo,434
73,78,64,435,id nisl venenatis lacinia aenean sit amet justo morbi ut odio cras mi pede malesuada in,435
55,33,99,436,turpis donec posuere metus vitae ipsum aliquam non mauris morbi non lectus aliquam sit,436
31,60,6,437,ut erat id mauris vulputate elementum nullam varius nulla facilisi cras non velit nec nisi vulputate nonummy maecenas tincidunt,437
78,13,46,438,cras mi pede malesuada in imperdiet et commodo vulputate justo in blandit,438
26,25,14,439,non velit donec diam neque vestibulum eget vulputate ut ultrices vel augue vestibulum ante ipsum primis in faucibus orci luctus,439
33,99,44,440,non velit donec diam neque vestibulum eget vulputate ut ultrices vel augue vestibulum,440
88,5,94,441,consectetuer eget rutrum at lorem integer tincidunt ante vel ipsum praesent blandit lacinia erat vestibulum sed,441
15,31,48,442,felis sed lacus morbi sem mauris laoreet ut rhoncus aliquet pulvinar sed nisl nunc,442
25,93,99,443,volutpat in congue etiam justo etiam pretium iaculis justo in hac habitasse platea dictumst etiam faucibus cursus urna ut,443
66,52,74,444,vestibulum eget vulputate ut ultrices vel augue vestibulum ante ipsum primis,444
10,45,33,445,mattis pulvinar nulla pede ullamcorper augue a suscipit nulla elit ac nulla sed vel enim sit amet nunc viverra dapibus,445
15,36,38,446,tincidunt eget tempus vel pede morbi porttitor lorem id ligula,446
58,84,31,447,bibendum imperdiet nullam orci pede venenatis non sodales sed tincidunt eu felis fusce posuere felis sed,447
84,36,27,448,vestibulum aliquet ultrices erat tortor sollicitudin mi sit amet lobortis sapien,448
1,61,97,449,erat nulla tempus vivamus in felis eu sapien cursus vestibulum proin eu mi nulla ac,449
80,95,56,450,tincidunt eu felis fusce posuere felis sed lacus morbi sem mauris laoreet,450
65,49,2,451,eget vulputate ut ultrices vel augue vestibulum ante ipsum primis in,451
89,70,48,452,ante nulla justo aliquam quis turpis eget elit sodales scelerisque mauris sit amet eros suspendisse accumsan tortor quis turpis,452
24,39,37,453,nullam sit amet turpis elementum ligula vehicula consequat morbi a ipsum integer a nibh in quis justo maecenas rhoncus,453
9,43,7,454,fusce posuere felis sed lacus morbi sem mauris laoreet ut rhoncus aliquet pulvinar sed nisl nunc rhoncus dui,454
58,44,64,455,leo maecenas pulvinar lobortis est phasellus sit amet erat nulla tempus vivamus in felis eu sapien,455
91,52,1,456,semper porta volutpat quam pede lobortis ligula sit amet eleifend pede libero quis orci nullam molestie nibh,456
78,15,6,457,nibh in lectus pellentesque at nulla suspendisse potenti cras in purus eu magna vulputate luctus,457
84,94,97,458,risus semper porta volutpat quam pede lobortis ligula sit amet eleifend pede libero quis orci nullam,458
60,62,51,459,sit amet sem fusce consequat nulla nisl nunc nisl duis bibendum felis sed interdum venenatis turpis enim blandit,459
3,77,72,460,erat tortor sollicitudin mi sit amet lobortis sapien sapien non mi,460
35,96,63,461,imperdiet sapien urna pretium nisl ut volutpat sapien arcu sed augue aliquam,461
17,37,78,462,a ipsum integer a nibh in quis justo maecenas rhoncus aliquam lacus morbi quis tortor id nulla ultrices aliquet,462
16,41,99,463,maecenas leo odio condimentum id luctus nec molestie sed justo pellentesque viverra pede ac diam cras pellentesque volutpat dui,463
42,23,70,464,erat tortor sollicitudin mi sit amet lobortis sapien sapien non mi integer ac neque duis bibendum morbi non,464
82,75,80,465,facilisi cras non velit nec nisi vulputate nonummy maecenas tincidunt lacus at velit vivamus vel nulla eget eros elementum,465
36,44,31,466,dis parturient montes nascetur ridiculus mus etiam vel augue vestibulum rutrum rutrum neque aenean auctor gravida,466
40,66,90,467,fusce posuere felis sed lacus morbi sem mauris laoreet ut rhoncus aliquet,467
100,24,67,468,eu nibh quisque id justo sit amet sapien dignissim vestibulum vestibulum ante ipsum primis in faucibus orci luctus et,468
5,23,6,469,quam suspendisse potenti nullam porttitor lacus at turpis donec posuere metus vitae ipsum aliquam non mauris morbi non,469
78,85,53,470,ac leo pellentesque ultrices mattis odio donec vitae nisi nam ultrices libero non mattis,470
81,91,60,471,quisque ut erat curabitur gravida nisi at nibh in hac habitasse platea dictumst,471
98,60,84,472,a ipsum integer a nibh in quis justo maecenas rhoncus aliquam,472
55,52,8,473,cubilia curae nulla dapibus dolor vel est donec odio justo sollicitudin ut suscipit a feugiat et eros vestibulum ac est,473
16,3,75,474,mauris non ligula pellentesque ultrices phasellus id sapien in sapien iaculis congue vivamus metus arcu adipiscing molestie hendrerit at,474
21,53,54,475,odio condimentum id luctus nec molestie sed justo pellentesque viverra pede ac diam cras pellentesque volutpat dui maecenas tristique est,475
9,92,26,476,volutpat eleifend donec ut dolor morbi vel lectus in quam fringilla,476
80,93,85,477,ipsum dolor sit amet consectetuer adipiscing elit proin interdum mauris non ligula pellentesque ultrices,477
12,15,79,478,amet consectetuer adipiscing elit proin interdum mauris non ligula pellentesque ultrices phasellus id sapien in,478
75,22,9,479,donec odio justo sollicitudin ut suscipit a feugiat et eros,479
77,62,25,480,nulla tempus vivamus in felis eu sapien cursus vestibulum proin eu,480
1,61,24,481,posuere nonummy integer non velit donec diam neque vestibulum eget vulputate ut,481
60,85,59,482,eget vulputate ut ultrices vel augue vestibulum ante ipsum primis,482
86,82,33,483,curae donec pharetra magna vestibulum aliquet ultrices erat tortor sollicitudin mi sit amet,483
15,71,59,484,sociis natoque penatibus et magnis dis parturient montes nascetur ridiculus,484
54,6,64,485,ultrices posuere cubilia curae mauris viverra diam vitae quam suspendisse potenti nullam porttitor lacus at turpis donec posuere metus vitae,485
12,8,90,486,purus eu magna vulputate luctus cum sociis natoque penatibus et magnis dis parturient montes,486
73,86,68,487,justo morbi ut odio cras mi pede malesuada in imperdiet et commodo,487
93,32,65,488,eget rutrum at lorem integer tincidunt ante vel ipsum praesent blandit lacinia erat vestibulum sed magna at nunc commodo placerat,488
55,47,29,489,in porttitor pede justo eu massa donec dapibus duis at,489
21,69,100,490,in congue etiam justo etiam pretium iaculis justo in hac,490
74,32,91,491,suscipit ligula in lacus curabitur at ipsum ac tellus semper interdum mauris ullamcorper purus sit amet,491
97,43,80,492,porttitor lacus at turpis donec posuere metus vitae ipsum aliquam non,492
33,28,12,493,praesent id massa id nisl venenatis lacinia aenean sit amet justo morbi ut,493
56,69,5,494,ipsum integer a nibh in quis justo maecenas rhoncus aliquam lacus morbi quis tortor id nulla,494
3,14,31,495,semper est quam pharetra magna ac consequat metus sapien ut nunc vestibulum ante ipsum primis in faucibus orci luctus et,495
83,68,44,496,vitae consectetuer eget rutrum at lorem integer tincidunt ante vel ipsum praesent blandit lacinia erat vestibulum sed magna,496
83,95,11,497,nisl nunc nisl duis bibendum felis sed interdum venenatis turpis,497
4,68,70,498,imperdiet et commodo vulputate justo in blandit ultrices enim lorem ipsum dolor sit amet consectetuer adipiscing elit proin interdum mauris,498
98,69,8,499,mus etiam vel augue vestibulum rutrum rutrum neque aenean auctor gravida sem praesent id massa id nisl venenatis lacinia aenean,499
48,62,46,500,platea dictumst morbi vestibulum velit id pretium iaculis diam erat fermentum,500
