foodID,foodName,NumServings,unit,carbs,protien,fat
1,felis sed interdum,331.29,odio,39,32,33
2,rutrum ac lobortis vel,226.34,parturient,5,30,35
3,at lorem integer,340.18,nulla,69,78,37
4,tortor,202.46,adipiscing,21,7,6
5,hac habitasse platea dictumst etiam,207.69,duis,9,26,53
6,adipiscing lorem vitae mattis,384.73,ac,57,91,82
7,eros elementum pellentesque quisque porta,56.62,diam,45,86,100
8,accumsan odio curabitur convallis duis,330.23,nulla,14,62,31
9,purus,331.84,nullam,34,85,46
10,rutrum neque,389.91,pede,58,55,87
11,maecenas tincidunt lacus,383.01,turpis,1,68,74
12,nibh in quis justo,66.45,eget,74,95,70
13,nisl,184.81,sed,14,51,57
14,rhoncus dui vel sem sed,267.35,rutrum,21,72,24
15,maecenas tristique est,62.93,mauris,57,63,32
16,ipsum,260.68,in,19,26,57
17,volutpat erat,288.63,potenti,2,71,37
18,nisl,277.83,quam,50,84,60
19,arcu adipiscing molestie hendrerit,317.73,non,43,45,61
20,magnis dis,165.84,in,72,13,42
21,integer aliquet massa,99.61,cubilia,63,83,94
22,nec dui luctus rutrum nulla tellus,229.68,id,37,64,1
23,cubilia curae donec pharetra magna,81.07,tortor,43,13,39
24,nec nisi vulputate,395.13,nisl,30,15,100
25,luctus cum sociis natoque,264.78,elit,66,0,33
26,sed ante vivamus tortor,24.64,morbi,52,18,56
27,id justo sit amet sapien,212.12,at,38,52,11
28,lacinia erat vestibulum sed magna at,313.47,nunc,48,56,41
29,diam vitae quam suspendisse potenti,340.25,quam,54,44,40
30,at diam nam tristique tortor eu,280.42,maecenas,56,30,13
31,rutrum nulla tellus in,380.37,lobortis,10,70,90
32,id massa id nisl venenatis,234.07,pede,32,67,15
33,nulla ultrices aliquet maecenas,213.94,luctus,12,87,29
34,in,154.37,lacinia,17,29,94
35,eget,154.68,nullam,84,10,50
36,turpis sed ante vivamus tortor,331.05,lacinia,45,0,15
37,nulla sed vel enim sit amet,90.14,augue,3,19,100
38,aliquet at feugiat non,340.27,augue,99,35,21
39,nec condimentum neque sapien placerat,339.97,integer,66,91,17
40,vel lectus,297.64,nunc,54,49,91
41,nisl duis ac nibh fusce,170.95,fusce,91,73,91
42,vel nulla eget,75.34,pulvinar,70,6,80
43,tortor duis mattis egestas metus,83.61,aliquam,45,81,23
44,ultricies eu nibh,348.79,tortor,77,86,16
45,tincidunt in,307.01,in,75,10,49
46,arcu libero,226.71,curabitur,47,97,5
47,turpis,147.69,sapien,67,79,65
48,fermentum justo nec condimentum neque sapien,35.23,id,23,68,67
49,lectus aliquam sit,281.87,sapien,31,53,25
50,massa id nisl venenatis lacinia,326.61,massa,26,3,71
51,vitae ipsum aliquam non,375.74,cubilia,75,77,46
52,potenti in eleifend quam a odio,47.23,nibh,10,95,37
53,faucibus orci luctus et,112.69,purus,81,84,75
54,hac habitasse platea dictumst etiam,189.85,rhoncus,3,14,17
55,posuere cubilia curae,45.79,etiam,85,97,100
56,vestibulum quam sapien varius ut blandit,35.35,nibh,43,83,49
57,congue vivamus,211.5,ipsum,47,77,20
58,feugiat et,346.99,vestibulum,60,79,12
59,sociis natoque penatibus,397.37,luctus,29,35,40
60,leo rhoncus sed,95.88,cubilia,71,16,15
61,sit amet consectetuer adipiscing,215.65,vulputate,73,69,40
62,in magna,317.51,non,15,85,59
63,penatibus et magnis dis parturient,313.73,rhoncus,82,23,20
64,justo lacinia,353.47,metus,53,28,53
65,justo sollicitudin ut,326.81,odio,17,58,83
66,cras in purus eu,200.35,mauris,21,11,1
67,ipsum,89.0,mattis,44,24,44
68,at velit vivamus vel,341.54,nulla,44,47,93
69,nisi,270.92,maecenas,19,54,6
70,vehicula condimentum,50.82,proin,43,39,74
71,integer non velit donec,248.55,tempus,71,75,84
72,magna bibendum imperdiet nullam,122.16,pede,14,4,63
73,nec molestie sed justo,258.38,ante,92,74,19
74,augue quam sollicitudin vitae consectetuer,232.02,suspendisse,73,96,40
75,viverra pede,352.58,amet,85,36,57
76,turpis sed,176.13,lacus,55,71,57
77,at diam nam tristique tortor,48.86,ut,99,10,26
78,suspendisse potenti in eleifend quam,47.56,non,84,75,94
79,libero non mattis,267.45,ipsum,98,21,94
80,aenean auctor gravida sem praesent id,344.58,faucibus,91,59,92
81,nunc proin at turpis,219.13,sagittis,63,18,31
82,sem fusce consequat,28.56,nulla,55,81,55
83,morbi,371.41,eget,83,8,79
84,mi pede malesuada in imperdiet,269.9,dolor,79,8,39
85,vel,205.57,amet,43,57,88
86,ut odio,313.7,at,92,19,96
87,semper porta volutpat,92.74,ante,28,36,61
88,luctus et,239.25,pede,32,14,75
89,vestibulum proin eu mi,149.16,vel,85,46,97
90,vestibulum ante ipsum primis in,125.73,luctus,75,4,31
91,erat id mauris vulputate elementum nullam,210.72,est,86,38,96
92,eleifend luctus,241.45,lectus,49,3,8
93,ut,201.27,ut,31,55,10
94,nisi,321.85,elementum,19,28,75
95,sed,362.19,et,85,24,0
96,integer ac leo,392.12,in,37,45,55
97,ultricies eu,278.54,leo,96,24,56
98,dapibus duis at velit eu est,302.53,quis,51,54,51
99,nullam porttitor lacus,7.0,lectus,30,68,37
100,aliquam erat volutpat in,317.7,duis,53,78,44
101,ac nibh,324.29,morbi,72,18,77
102,pellentesque at nulla suspendisse potenti,299.26,interdum,67,56,2
103,orci eget orci vehicula,327.93,consequat,21,37,32
104,et ultrices posuere cubilia curae,224.59,erat,72,70,0
105,congue eget,67.42,consectetuer,23,21,46
106,sollicitudin,241.53,donec,0,84,41
107,porttitor,18.27,curabitur,28,27,7
108,lacus curabitur at,77.49,vel,3,70,6
109,imperdiet sapien urna pretium nisl ut,229.15,dictumst,54,27,95
110,nulla facilisi cras non velit nec,312.95,non,83,46,5
111,magna,164.11,accumsan,8,9,54
112,ante vel ipsum praesent blandit,42.14,mi,13,63,66
113,velit nec nisi vulputate nonummy,375.1,commodo,90,44,98
114,non interdum in ante vestibulum ante,285.99,volutpat,61,43,100
115,lobortis vel dapibus at,381.8,ut,13,35,5
116,mattis,370.81,rhoncus,80,79,33
117,quam suspendisse potenti,66.87,enim,67,8,76
118,habitasse platea dictumst morbi,209.91,aliquet,6,74,67
119,mauris laoreet ut rhoncus,132.0,ut,67,65,20
120,nisi vulputate nonummy maecenas tincidunt lacus,155.58,sollicitudin,1,85,17
121,posuere nonummy,294.22,sed,71,66,10
122,hac habitasse,198.99,eget,93,69,42
123,metus arcu adipiscing molestie hendrerit,55.24,ut,64,13,1
124,velit nec nisi,236.49,odio,5,56,69
125,diam in magna bibendum,77.63,ligula,44,44,5
126,at nibh,336.18,nec,54,47,8
127,duis ac nibh fusce,64.62,cras,90,90,66
128,dapibus dolor vel est donec,147.27,primis,5,82,52
129,consectetuer,311.93,tempus,95,23,18
130,nulla neque libero convallis eget eleifend,258.08,nisi,82,10,67
131,lobortis vel dapibus at diam nam,32.15,lorem,1,99,7
132,sapien iaculis congue vivamus metus arcu,321.07,accumsan,44,91,65
133,est et tempus semper,123.74,luctus,58,41,34
134,ultrices erat tortor sollicitudin mi,226.41,odio,94,95,7
135,in hac habitasse platea,254.34,magna,40,59,34
136,sed augue aliquam,210.36,velit,37,62,76
137,leo odio,183.11,blandit,71,69,14
138,pulvinar sed nisl nunc rhoncus,358.39,pede,2,89,82
139,orci luctus,153.89,suscipit,48,26,81
140,eu orci mauris lacinia,221.89,amet,20,51,41
141,pellentesque viverra pede,108.74,vestibulum,73,98,43
142,bibendum morbi non quam nec dui,4.12,consectetuer,11,62,47
143,porttitor id consequat in,387.02,tincidunt,3,47,40
144,eget,119.46,ut,40,71,50
145,blandit nam nulla,304.17,penatibus,75,49,43
146,nec euismod scelerisque,22.88,in,50,70,16
147,morbi porttitor lorem id,258.43,elementum,1,9,44
148,id,385.13,aliquet,3,54,96
149,mi nulla ac,181.97,nulla,65,50,14
150,hac habitasse platea,3.18,dis,97,69,73
151,lectus in est,224.42,metus,63,55,83
152,consequat,165.61,etiam,71,35,84
153,id,228.39,lacus,8,16,17
154,felis donec semper sapien,365.83,dapibus,83,78,3
155,odio porttitor id consequat in consequat,339.34,lorem,77,96,95
156,volutpat in congue etiam justo etiam,142.7,bibendum,39,20,18
157,nulla nisl nunc,220.45,sit,57,27,16
158,at diam nam tristique tortor eu,391.99,sit,80,63,44
159,dui vel sem sed sagittis nam,235.27,donec,87,97,98
160,sodales sed tincidunt,84.39,lobortis,24,99,100
161,lectus aliquam sit amet diam,393.17,ante,23,50,60
162,tempus vel pede,2.13,euismod,80,80,52
163,luctus et,72.41,metus,69,18,55
164,eu tincidunt in leo maecenas,259.83,adipiscing,73,45,12
165,eget eleifend luctus ultricies eu nibh,20.09,erat,24,0,43
166,lacinia eget,27.01,blandit,73,93,25
167,suspendisse potenti nullam porttitor,358.53,porttitor,88,79,61
168,blandit ultrices enim lorem ipsum,192.72,molestie,62,12,15
169,a nibh,76.32,rhoncus,16,87,74
170,bibendum imperdiet nullam,71.86,erat,9,79,75
171,nec euismod scelerisque quam,186.05,congue,74,17,29
172,blandit lacinia,30.78,nunc,63,67,98
173,pulvinar nulla,91.8,magnis,7,45,86
174,in sapien iaculis congue,306.79,hac,42,43,67
175,massa id nisl venenatis lacinia,136.95,maecenas,93,72,46
176,venenatis,304.46,vitae,62,98,60
177,odio elementum eu interdum,289.92,ac,11,53,54
178,sapien varius,300.04,amet,63,49,68
179,augue a suscipit nulla,377.11,praesent,56,97,51
180,mattis egestas metus aenean,108.24,dolor,85,76,43
181,nascetur ridiculus mus vivamus,179.24,sapien,78,3,14
182,mi integer ac neque,312.13,magna,93,26,22
183,ullamcorper purus sit,67.27,aliquet,2,71,94
184,praesent lectus vestibulum quam,334.99,porta,76,5,84
185,vestibulum quam sapien varius ut,383.32,luctus,71,47,64
186,a feugiat et eros vestibulum ac,124.5,in,82,40,18
187,ultrices vel augue vestibulum ante ipsum,147.39,amet,85,69,2
188,vel augue vestibulum,48.68,lobortis,0,21,48
189,natoque penatibus et,271.66,ac,91,25,56
190,mi in porttitor pede justo eu,280.8,convallis,1,11,51
191,pede malesuada,112.48,hac,79,100,17
192,nonummy maecenas,328.32,diam,100,14,75
193,in lacus curabitur at,399.72,eu,63,32,91
194,mus etiam,32.49,eget,55,24,54
195,fusce lacus purus aliquet,87.11,ipsum,70,76,67
196,vulputate ut,339.84,convallis,72,99,42
197,ullamcorper purus sit amet,246.53,aenean,13,61,77
198,proin eu mi,109.25,vel,23,20,78
199,leo maecenas pulvinar lobortis est phasellus,101.79,volutpat,47,16,5
200,et ultrices posuere,22.88,venenatis,49,68,80
201,risus dapibus,181.11,in,8,82,93
202,vulputate ut ultrices vel,263.18,posuere,97,91,66
203,nulla eget eros,320.71,rutrum,53,83,78
204,turpis eget elit sodales scelerisque mauris,263.89,ac,61,67,25
205,sed sagittis nam congue risus semper,59.79,in,43,56,93
206,elit sodales scelerisque mauris,233.8,sit,58,15,75
207,maecenas pulvinar lobortis est phasellus,136.72,blandit,19,66,67
208,mi nulla ac enim in,161.41,aenean,76,92,99
209,justo,259.42,tortor,93,79,76
210,pulvinar nulla pede ullamcorper augue a,194.53,quisque,94,54,40
211,est donec odio justo sollicitudin,178.22,id,89,33,57
212,non ligula,175.47,cras,68,0,90
213,nisl nunc nisl duis,265.39,posuere,6,17,1
214,volutpat,167.67,duis,11,23,27
215,nunc viverra dapibus nulla suscipit,88.13,ipsum,54,11,95
216,odio donec vitae nisi nam,35.25,non,12,36,61
217,etiam justo etiam,103.96,dapibus,88,71,69
218,faucibus accumsan odio curabitur convallis duis,70.4,in,84,81,60
219,dolor quis odio consequat varius,338.68,a,11,41,66
220,ipsum dolor,209.56,orci,50,11,6
221,nam ultrices libero non,28.36,dolor,57,7,93
222,donec ut dolor morbi vel,264.44,nisl,32,67,96
223,ultrices enim lorem,16.61,a,56,4,83
224,gravida sem praesent,146.53,volutpat,51,42,83
225,posuere cubilia curae duis faucibus,61.84,etiam,83,40,6
226,amet turpis elementum ligula vehicula,35.7,congue,78,71,59
227,nam,171.1,pulvinar,0,70,38
228,tincidunt eget tempus vel pede,119.75,turpis,25,38,85
229,ut nunc vestibulum,387.6,nullam,96,87,69
230,quis justo maecenas,95.46,erat,34,53,20
231,interdum in ante vestibulum ante,38.68,justo,21,98,36
232,vel,78.57,dapibus,46,100,89
233,vel augue vestibulum ante,365.47,aliquam,86,20,72
234,vitae ipsum aliquam,102.94,magnis,39,14,44
235,orci nullam molestie nibh in lectus,318.46,aliquam,58,78,33
236,lobortis ligula sit amet eleifend,255.88,fusce,30,3,63
237,integer tincidunt ante vel ipsum,256.03,justo,36,66,69
238,ultrices vel augue,48.42,vestibulum,89,58,20
239,purus eu magna vulputate luctus cum,6.18,nulla,97,21,11
240,eget congue eget,204.7,ipsum,62,93,97
241,at,361.48,semper,80,20,23
242,ligula vehicula consequat morbi a ipsum,111.87,eu,98,9,63
243,quis justo maecenas rhoncus,4.44,elementum,73,94,64
244,volutpat in,378.2,libero,74,60,76
245,porttitor lacus,392.21,leo,28,96,32
246,posuere cubilia,310.95,leo,91,64,15
247,consequat,316.48,penatibus,21,80,71
248,volutpat eleifend donec,345.49,cursus,92,48,14
249,risus semper,155.79,congue,45,35,35
250,potenti in eleifend quam,27.82,ut,48,5,80
251,elementum,335.41,natoque,48,100,77
252,eu,55.29,tortor,33,29,51
253,non lectus,51.12,eget,15,55,29
254,tortor id nulla ultrices aliquet maecenas,393.2,placerat,79,41,5
255,habitasse platea dictumst maecenas ut massa,353.81,rhoncus,87,66,10
256,elit sodales scelerisque mauris sit amet,24.14,duis,0,67,57
257,vitae,159.11,ligula,59,11,53
258,laoreet ut rhoncus aliquet,266.32,leo,68,81,75
259,suspendisse,166.8,metus,16,82,84
260,nisl ut volutpat sapien arcu sed,119.51,condimentum,61,62,20
261,id mauris vulputate elementum nullam,145.33,in,5,39,40
262,lectus,288.08,sapien,91,87,41
263,curae mauris viverra,205.06,amet,28,60,69
264,at,147.46,et,75,6,13
265,luctus et ultrices posuere cubilia,205.05,amet,55,16,61
266,vitae,198.82,donec,77,45,78
267,nulla facilisi cras non velit,272.35,adipiscing,46,82,5
268,bibendum felis sed interdum venenatis turpis,246.86,lacinia,41,75,31
269,augue,76.8,in,15,75,60
270,id consequat in,373.18,volutpat,50,54,50
271,elit sodales,14.95,blandit,44,94,61
272,vestibulum velit id pretium iaculis,344.65,pharetra,65,69,66
273,elementum pellentesque,348.72,luctus,99,17,83
274,lectus pellentesque eget nunc,263.63,vel,49,42,51
275,vivamus in felis,213.58,nam,12,40,5
276,in faucibus orci,98.29,amet,86,93,54
277,nunc commodo placerat,320.72,hendrerit,46,71,58
278,ligula vehicula consequat morbi,246.7,at,34,50,27
279,augue,212.7,phasellus,27,34,91
280,quisque porta volutpat erat quisque,373.47,maecenas,94,65,10
281,massa quis augue,297.1,in,29,67,65
282,justo morbi ut odio cras,128.42,auctor,13,71,25
283,tortor eu,274.56,augue,90,54,25
284,suspendisse ornare consequat,53.71,nec,23,94,27
285,nec nisi volutpat eleifend,257.45,quis,95,15,87
286,donec semper,62.51,libero,87,22,51
287,diam in magna bibendum imperdiet nullam,380.42,sed,97,78,36
288,nulla suspendisse potenti,227.49,justo,44,28,33
289,eleifend luctus ultricies eu nibh,267.53,sapien,87,59,47
290,vehicula consequat,239.95,lobortis,80,47,25
291,consequat varius integer ac leo,67.67,ac,14,53,25
292,odio odio elementum eu interdum eu,310.33,pede,83,46,36
293,in,39.73,justo,23,88,35
294,tincidunt nulla mollis,251.64,pellentesque,12,70,16
295,vivamus tortor duis mattis,115.63,feugiat,74,62,97
296,nibh in,370.28,ac,98,69,5
297,ornare consequat,158.57,dui,98,0,44
298,vestibulum rutrum rutrum neque aenean,313.0,tortor,81,37,93
299,odio in hac habitasse,50.06,mollis,68,64,51
300,nunc donec,212.84,natoque,38,75,23
301,ligula sit amet eleifend pede,48.53,mauris,67,89,60
302,at turpis donec posuere metus,215.24,mattis,43,33,16
303,auctor,134.19,fusce,22,7,6
304,in est risus auctor sed,288.3,proin,5,92,22
305,arcu libero,206.28,maecenas,12,59,81
306,augue vestibulum ante ipsum primis,154.27,morbi,71,64,11
307,augue vestibulum rutrum rutrum neque,56.57,nec,91,14,36
308,nulla neque libero,247.69,scelerisque,74,41,35
309,ut volutpat sapien arcu,4.47,ridiculus,80,24,56
310,libero quis orci nullam molestie,132.59,pede,99,9,96
311,nec euismod scelerisque quam,381.89,posuere,94,93,22
312,nisl duis bibendum,275.61,lobortis,91,0,3
313,porta volutpat quam pede lobortis ligula,213.47,tortor,92,35,4
314,potenti nullam porttitor lacus,23.87,tincidunt,48,82,71
315,tincidunt lacus at velit vivamus vel,217.37,curae,53,49,87
316,sapien in sapien,8.05,mi,63,33,57
317,sit amet diam in magna bibendum,107.75,id,2,78,17
318,mattis nibh ligula nec sem,286.3,luctus,38,50,56
319,ac nulla sed vel,142.72,consequat,71,88,81
320,est risus auctor sed,385.35,nulla,24,46,73
321,sit amet lobortis sapien sapien non,173.84,in,31,34,70
322,quis,140.22,eu,52,67,66
323,ultrices vel augue vestibulum ante,19.42,orci,73,30,18
324,eget semper rutrum nulla nunc purus,12.27,ipsum,46,44,21
325,in,380.61,eget,2,38,29
326,volutpat eleifend,135.45,venenatis,16,8,56
327,ut,203.36,dis,66,21,56
328,in quis justo maecenas,164.06,lorem,13,84,11
329,vel,111.35,sollicitudin,66,83,33
330,vivamus metus arcu adipiscing molestie hendrerit,38.08,fusce,3,55,54
331,natoque,221.48,tincidunt,61,43,66
332,luctus rutrum nulla tellus in,376.52,metus,60,38,10
333,viverra pede ac diam cras,302.26,platea,79,50,55
334,bibendum morbi non quam nec dui,108.97,aliquet,16,61,43
335,felis donec,115.49,in,79,67,10
336,curabitur gravida nisi at nibh in,338.69,cubilia,77,83,29
337,ut nulla sed accumsan felis ut,357.49,vestibulum,38,61,43
338,quam pharetra,29.13,ac,93,32,7
339,adipiscing molestie hendrerit,299.81,iaculis,25,90,30
340,tempor convallis nulla,104.18,integer,14,97,23
341,turpis eget elit sodales,252.18,id,13,85,48
342,sed tincidunt eu felis fusce posuere,387.99,consequat,84,54,81
343,malesuada in imperdiet et commodo vulputate,79.1,lacus,79,98,55
344,habitasse platea dictumst morbi vestibulum velit,315.72,porttitor,81,0,97
345,augue,106.47,volutpat,100,0,64
346,accumsan tellus nisi eu orci mauris,397.01,non,27,90,61
347,integer aliquet massa id,186.31,vestibulum,86,99,78
348,integer aliquet,171.4,ultrices,26,61,68
349,sagittis sapien,64.01,urna,53,59,56
350,ut erat curabitur gravida nisi,374.83,non,54,58,27
351,id consequat in consequat,192.97,ipsum,14,2,84
352,diam vitae quam suspendisse,55.04,est,40,88,10
353,lacus at,124.86,non,30,87,4
354,vel dapibus at,301.26,nisi,21,4,3
355,eget tempus vel pede morbi porttitor,353.39,nisl,97,6,63
356,eu nibh quisque,69.54,mauris,15,32,71
357,mauris morbi non lectus,220.2,nunc,38,93,92
358,in,180.4,vel,100,72,81
359,placerat,252.77,auctor,99,99,3
360,in blandit,128.81,luctus,66,8,66
361,at feugiat non pretium quis,311.9,faucibus,75,12,44
362,neque sapien placerat,192.36,diam,74,32,53
363,eleifend quam,182.09,amet,86,9,88
364,in sagittis,223.13,est,89,24,37
365,quisque porta volutpat,58.52,lorem,70,36,22
366,cursus vestibulum proin eu,297.99,tincidunt,22,5,28
367,leo odio porttitor,230.11,vivamus,44,74,89
368,mi in porttitor,372.69,ipsum,74,89,32
369,donec,210.26,pretium,4,68,5
370,varius,349.16,fermentum,41,40,70
371,volutpat convallis morbi odio,170.63,arcu,2,95,68
372,praesent lectus vestibulum,244.32,et,50,34,57
373,pretium iaculis diam,210.85,posuere,54,34,50
374,quis,43.12,pede,87,38,36
375,adipiscing elit proin interdum,159.26,diam,91,43,14
376,mauris eget massa,98.92,in,88,23,5
377,dolor quis,376.03,a,99,59,41
378,sapien urna pretium,316.68,blandit,25,36,63
379,rutrum at lorem integer tincidunt,366.46,dapibus,44,70,76
380,eros suspendisse accumsan tortor quis,179.44,nascetur,65,40,76
381,non,311.14,mauris,84,66,12
382,phasellus in felis,128.4,nec,94,42,36
383,nunc proin at turpis,144.83,platea,90,83,71
384,mauris vulputate elementum nullam varius,254.18,faucibus,85,3,49
385,vulputate,95.98,vulputate,49,72,33
386,sollicitudin mi,150.7,primis,41,68,96
387,lacinia aenean sit amet,360.8,vulputate,31,32,45
388,libero,322.95,donec,16,89,83
389,praesent blandit lacinia erat vestibulum sed,327.25,a,66,17,14
390,tempus vel pede morbi,59.31,odio,80,100,36
391,nam ultrices libero non mattis pulvinar,243.65,donec,62,29,40
392,libero non mattis pulvinar nulla,385.8,condimentum,29,29,66
393,imperdiet nullam orci pede venenatis,318.51,dui,76,94,67
394,lacus morbi,108.76,at,0,32,80
395,luctus nec molestie sed justo pellentesque,49.6,morbi,67,31,86
396,neque vestibulum,306.25,mauris,6,22,100
397,vestibulum sed magna at,72.13,id,37,48,78
398,diam,258.6,euismod,71,98,46
399,vestibulum proin,226.22,est,13,28,83
400,egestas metus aenean,50.14,mauris,7,10,15
401,aenean auctor,318.08,a,67,33,23
402,consequat metus sapien,52.86,erat,8,70,38
403,at turpis a pede,256.14,aenean,88,95,62
404,primis,337.34,luctus,74,35,85
405,neque aenean auctor gravida sem,218.0,morbi,9,29,43
406,diam nam,79.22,ipsum,62,85,11
407,aliquam,287.44,metus,33,13,42
408,posuere cubilia curae duis faucibus accumsan,104.11,amet,3,1,7
409,non sodales sed tincidunt eu felis,54.17,porta,98,77,25
410,rutrum nulla,175.92,venenatis,76,5,83
411,pretium,136.62,turpis,38,20,88
412,eget,250.63,orci,97,45,66
413,eros elementum pellentesque,144.15,sapien,43,76,72
414,vestibulum,264.24,tempus,25,4,7
415,justo nec condimentum,191.63,lacinia,62,97,9
416,leo rhoncus sed vestibulum sit amet,342.99,ullamcorper,80,92,86
417,eleifend,226.69,duis,9,69,74
418,id pretium iaculis diam erat fermentum,296.03,enim,26,9,52
419,lobortis est,394.52,pede,88,94,89
420,mattis,152.5,orci,12,92,23
421,ante ipsum primis in faucibus,350.7,eu,12,89,34
422,quam turpis adipiscing lorem vitae mattis,193.21,feugiat,7,44,18
423,ullamcorper purus,191.07,eget,86,65,9
424,nulla ultrices aliquet maecenas,72.05,ligula,90,22,18
425,sed,205.92,ullamcorper,22,53,33
426,integer aliquet massa id,61.83,dui,70,30,79
427,feugiat et eros,219.3,habitasse,6,47,81
428,id,53.85,vulputate,78,74,39
429,venenatis,359.61,iaculis,42,96,12
430,sapien ut nunc vestibulum ante ipsum,17.9,eget,13,2,83
431,lacus,39.41,massa,48,35,55
432,metus sapien ut nunc vestibulum,4.1,nulla,38,48,95
433,praesent blandit lacinia erat vestibulum,340.02,odio,27,92,46
434,at vulputate vitae nisl aenean lectus,264.03,curabitur,40,18,85
435,at ipsum ac,398.76,egestas,58,81,15
436,et ultrices posuere cubilia,209.37,at,45,26,73
437,amet consectetuer adipiscing,77.32,mauris,54,46,62
438,convallis nulla neque libero,391.88,semper,49,48,6
439,in lectus,112.92,nisl,98,20,46
440,semper porta volutpat quam pede lobortis,348.16,pede,56,71,70
441,in,286.72,pretium,57,24,78
442,ultrices posuere cubilia curae,317.45,dapibus,17,39,39
443,erat volutpat in congue etiam justo,88.83,placerat,88,86,96
444,aliquam convallis,330.28,nec,90,51,53
445,nullam porttitor lacus at,307.89,dolor,74,56,82
446,turpis nec,292.89,tempus,44,94,44
447,volutpat convallis morbi,328.9,luctus,4,53,53
448,consequat varius integer ac leo pellentesque,149.92,consectetuer,52,60,28
449,nulla integer,358.56,sollicitudin,83,54,67
450,sagittis dui vel nisl duis ac,72.55,lacinia,45,45,58
451,sed,226.28,lobortis,15,45,3
452,in quis justo,27.96,pede,32,21,42
453,lacinia nisi,140.93,nulla,8,28,42
454,dapibus at diam nam tristique tortor,168.78,arcu,95,7,72
455,cubilia curae donec pharetra magna vestibulum,240.5,felis,69,31,66
456,in sagittis,299.03,curae,89,67,44
457,est quam pharetra magna ac consequat,374.45,lacinia,60,39,19
458,dolor morbi vel,355.57,sed,0,65,2
459,tristique,251.83,leo,77,83,97
460,placerat praesent blandit nam nulla,17.84,nulla,23,82,2
461,vulputate justo in blandit ultrices enim,87.19,in,89,98,45
462,in quis justo maecenas rhoncus,158.64,libero,72,76,27
463,volutpat eleifend donec ut dolor morbi,26.13,venenatis,84,98,1
464,metus arcu adipiscing molestie hendrerit at,398.79,auctor,58,35,77
465,ultrices enim lorem,226.3,nascetur,32,76,11
466,neque,301.78,nullam,15,27,2
467,eu magna vulputate luctus cum sociis,289.7,in,15,42,25
468,vel,377.95,a,49,54,76
469,risus praesent lectus vestibulum quam sapien,164.51,sapien,78,82,8
470,congue risus semper,242.16,magnis,70,11,31
471,libero convallis eget eleifend luctus,147.49,at,22,31,61
472,curabitur convallis,163.02,ligula,19,35,74
473,semper rutrum nulla nunc purus,66.05,nulla,2,92,46
474,proin risus praesent lectus vestibulum,3.38,nulla,87,53,48
475,pellentesque eget,78.9,morbi,81,80,42
476,interdum in ante vestibulum ante ipsum,209.96,turpis,12,96,69
477,tellus in sagittis,381.94,semper,19,91,21
478,adipiscing elit proin,62.63,leo,53,50,73
479,mus vivamus vestibulum sagittis,251.04,morbi,48,3,1
480,cubilia curae,277.05,vel,71,99,47
481,morbi,166.14,nullam,96,63,96
482,in faucibus orci luctus et,13.15,augue,24,34,21
483,ipsum,182.93,at,39,67,42
484,sit amet lobortis sapien,272.13,proin,78,30,63
485,nulla dapibus,385.3,vestibulum,83,68,16
486,venenatis non,54.79,non,86,14,76
487,lacinia sapien quis libero,64.23,eu,8,84,72
488,consequat morbi,109.62,leo,70,10,52
489,potenti in eleifend quam,84.9,donec,75,7,12
490,quis libero nullam sit,155.42,a,23,64,16
491,duis at velit eu est congue,222.4,magna,5,5,28
492,duis ac,347.78,nisl,49,75,81
493,neque vestibulum eget vulputate ut,133.96,vehicula,26,19,94
494,vel accumsan,388.57,ultrices,33,10,57
495,amet cursus id turpis integer aliquet,38.94,lacus,13,86,60
496,pulvinar sed nisl nunc rhoncus dui,123.34,vel,19,96,9
497,id justo sit amet sapien dignissim,234.68,quisque,71,75,72
498,dapibus duis at velit,88.49,aliquet,2,16,68
499,ipsum primis in faucibus orci,125.18,habitasse,98,62,22
500,amet lobortis sapien sapien,397.83,neque,35,58,21
501,non quam,231.73,etiam,5,86,73
502,diam,276.48,adipiscing,11,82,70
503,mi sit amet lobortis,233.79,ut,6,36,93
504,luctus et ultrices posuere,322.94,ultrices,69,56,68
505,elit proin,294.68,sagittis,9,7,28
506,tortor quis turpis sed ante vivamus,178.92,vel,26,79,70
507,leo pellentesque ultrices mattis odio,121.21,lorem,16,62,16
508,ut at dolor,82.28,ullamcorper,91,35,9
509,lacinia aenean,118.44,ut,21,85,66
510,volutpat quam pede lobortis,332.51,ante,37,20,83
511,diam erat fermentum justo,307.71,donec,72,1,85
512,varius nulla facilisi cras non velit,341.89,lacus,53,63,1
513,quis orci eget orci vehicula condimentum,355.87,justo,4,0,79
514,vestibulum vestibulum,224.94,donec,39,67,95
515,ac diam cras,141.76,est,4,91,58
516,ligula sit amet eleifend pede,120.35,ridiculus,71,82,91
517,sit,159.54,lobortis,59,21,75
518,orci,36.48,ultrices,44,91,90
519,turpis integer aliquet,143.64,euismod,41,34,62
520,lacus morbi sem mauris laoreet ut,308.41,orci,37,9,12
521,cras mi pede malesuada in imperdiet,346.5,amet,74,11,21
522,ipsum primis in faucibus,377.06,non,8,10,60
523,vel dapibus at diam nam tristique,106.47,at,13,13,16
524,primis in faucibus,197.29,donec,79,67,48
525,cursus,15.44,pulvinar,49,87,92
526,proin leo odio porttitor,99.26,praesent,16,78,46
527,felis sed interdum venenatis turpis enim,257.23,sem,52,68,34
528,potenti,251.16,nulla,81,49,23
529,justo,53.39,ut,23,70,28
530,morbi vestibulum velit id pretium,340.85,venenatis,55,3,43
531,non,309.13,congue,1,66,6
532,lectus in est risus,325.85,vel,27,59,4
533,nisl duis bibendum,133.59,nec,80,22,1
534,ridiculus mus vivamus vestibulum sagittis,54.07,eleifend,0,7,41
535,libero,392.49,phasellus,99,60,5
536,pede justo lacinia eget tincidunt eget,250.45,magna,30,55,13
537,tempor convallis nulla,353.65,porttitor,15,56,2
538,nunc proin,248.7,tempus,62,29,84
539,nulla ut erat id mauris,79.03,felis,92,95,37
540,venenatis turpis enim blandit mi,345.88,varius,40,65,5
541,ac neque,352.98,consequat,55,87,94
542,nulla sed,390.92,risus,6,98,51
543,nulla ac,269.36,purus,80,14,100
544,libero,377.81,sodales,25,89,24
545,lacinia sapien quis libero nullam sit,21.48,natoque,97,19,97
546,amet eleifend pede,312.5,penatibus,10,48,32
547,nulla nisl,316.79,parturient,20,85,10
548,sem sed sagittis nam congue risus,132.97,risus,29,66,54
549,etiam,126.86,eget,51,42,15
550,nunc,166.16,congue,7,78,26
551,quis,260.13,nunc,0,18,95
552,nam congue risus,206.36,hendrerit,49,76,40
553,sollicitudin vitae,332.07,scelerisque,8,89,51
554,erat curabitur gravida nisi at,40.17,nisl,55,37,21
555,gravida nisi at nibh in,293.19,eget,6,99,99
556,nulla tempus,185.89,ultrices,43,63,51
557,suscipit,173.27,blandit,15,19,14
558,velit nec nisi vulputate,150.23,posuere,62,89,97
559,non mauris morbi non lectus aliquam,345.12,blandit,99,21,54
560,et eros,210.0,vitae,71,93,3
561,quis libero nullam sit,240.15,sit,11,26,48
562,velit vivamus vel nulla eget,273.54,nulla,22,64,90
563,integer a nibh in quis justo,37.35,elit,84,61,38
564,varius nulla,126.55,erat,98,14,48
565,potenti nullam,42.13,sit,69,66,25
566,donec,16.71,magna,43,51,43
567,donec odio justo sollicitudin ut,345.48,ullamcorper,49,80,11
568,dis parturient,261.89,orci,45,40,93
569,eros vestibulum,218.2,quisque,19,83,25
570,sapien quis,169.83,porttitor,83,33,89
571,nulla mollis molestie,35.96,nisl,4,80,93
572,laoreet ut rhoncus aliquet,171.58,metus,9,6,21
573,purus eu magna vulputate luctus,312.31,ac,99,3,78
574,elit,286.36,nunc,86,43,91
575,quisque,268.82,auctor,76,7,79
576,vel augue vestibulum,183.53,mi,61,86,30
577,curabitur at,47.44,habitasse,21,91,15
578,quis orci,270.5,sollicitudin,7,21,35
579,dui nec nisi volutpat eleifend donec,283.49,curabitur,73,82,14
580,montes nascetur,329.7,massa,78,60,6
581,morbi non quam nec dui,217.51,sapien,86,2,24
582,montes nascetur,267.39,faucibus,20,21,74
583,in sagittis,340.92,convallis,11,61,37
584,enim sit amet,247.0,sem,39,0,34
585,quisque erat eros viverra,77.29,velit,13,99,69
586,porta volutpat quam pede,240.24,justo,47,41,25
587,quis,221.2,vivamus,50,77,91
588,posuere felis sed lacus,168.05,sapien,27,89,69
589,id massa id nisl venenatis lacinia,50.74,at,54,83,60
590,sit amet justo morbi ut,307.01,est,59,12,24
591,aliquet at,35.59,aliquam,18,2,6
592,dui maecenas tristique est,362.55,amet,86,79,44
593,nisl,164.15,magna,57,27,86
594,tortor sollicitudin mi sit amet,298.23,odio,73,78,58
595,morbi non lectus,267.05,varius,83,61,71
596,vestibulum sed magna at,374.35,potenti,93,95,29
597,nulla justo aliquam,367.66,diam,25,70,29
598,magnis dis parturient montes nascetur,105.81,mollis,87,53,70
599,ultrices posuere cubilia,44.6,integer,84,40,34
600,sapien urna pretium nisl ut,131.77,vel,65,55,38
601,proin interdum mauris non ligula pellentesque,283.69,tempus,45,9,86
602,morbi non quam nec dui,32.67,blandit,21,33,34
603,nam nulla,26.36,quam,42,9,73
604,risus praesent lectus vestibulum,264.48,potenti,19,85,50
605,enim lorem ipsum dolor sit amet,120.34,rhoncus,60,69,88
606,quam,361.1,purus,41,31,66
607,lorem integer tincidunt ante,363.06,duis,42,99,41
608,congue eget semper,359.28,erat,43,62,19
609,nunc purus,391.25,volutpat,39,89,17
610,nunc,81.04,sapien,81,46,30
611,libero convallis eget eleifend,235.03,erat,97,37,26
612,nunc purus,365.64,quisque,59,16,28
613,tempus vel pede morbi,241.95,pede,82,68,54
614,semper est quam pharetra magna ac,47.03,maecenas,59,88,14
615,id massa,134.21,vitae,60,78,42
616,nulla suscipit ligula in,292.47,mattis,90,99,13
617,non mi integer ac neque,41.62,curae,43,100,77
618,et magnis,271.78,quisque,3,89,14
619,nisl duis ac,286.99,duis,97,12,43
620,ante vivamus,350.72,diam,31,10,57
621,at nulla,67.4,faucibus,37,18,52
622,volutpat in congue etiam,83.2,dapibus,68,56,88
623,magnis dis,181.32,sapien,50,56,23
624,rhoncus aliquet pulvinar sed nisl,12.33,mi,27,81,14
625,ipsum primis in faucibus orci luctus,6.61,ante,49,60,13
626,neque,277.47,est,83,52,83
627,suscipit ligula in lacus curabitur,88.58,varius,81,2,22
628,quam suspendisse potenti nullam porttitor lacus,73.42,in,69,100,15
629,in est risus auctor sed tristique,350.32,auctor,87,76,45
630,convallis nunc proin,90.21,vestibulum,87,2,16
631,eu,154.84,in,82,13,53
632,sapien sapien non,157.59,nec,49,67,62
633,nulla sed accumsan felis ut,170.98,odio,96,55,38
634,aliquet pulvinar,234.06,porttitor,54,82,87
635,at,40.03,tincidunt,79,99,40
636,morbi vel lectus in quam,155.53,at,13,71,78
637,dui maecenas,146.22,purus,43,80,53
638,tincidunt ante,306.26,ut,34,81,98
639,at feugiat non pretium,145.08,venenatis,97,1,94
640,ligula,238.89,sapien,70,5,50
641,sagittis nam congue risus,374.11,mi,66,1,25
642,lacus purus aliquet at,259.91,quis,30,51,87
643,nunc,33.38,vestibulum,6,0,62
644,vulputate,128.44,risus,73,90,56
645,eget tincidunt eget tempus vel pede,162.48,tellus,94,36,97
646,risus semper porta,285.51,mattis,47,64,44
647,mattis,342.09,porttitor,10,88,50
648,sapien cursus vestibulum proin,195.92,cras,81,14,29
649,ac,80.94,erat,92,73,26
650,pellentesque,217.89,lectus,46,76,28
651,ultrices posuere cubilia,299.23,porta,88,100,4
652,rutrum rutrum neque aenean auctor,138.83,sit,11,42,95
653,lacinia sapien quis libero nullam sit,97.76,primis,51,54,92
654,sociis natoque penatibus,339.66,dapibus,73,38,14
655,et ultrices posuere,268.15,morbi,52,75,4
656,sapien,353.78,quisque,81,77,63
657,lorem ipsum dolor sit amet,10.32,magna,34,32,13
658,feugiat et eros vestibulum ac est,380.04,id,68,80,2
659,facilisi cras non,265.91,sed,20,93,57
660,viverra diam vitae quam suspendisse potenti,268.0,habitasse,22,45,23
661,orci luctus,370.12,rutrum,36,55,53
662,vulputate nonummy maecenas tincidunt,149.15,praesent,45,4,63
663,maecenas tincidunt lacus at velit vivamus,94.14,faucibus,30,14,63
664,vivamus metus arcu adipiscing molestie,217.64,felis,69,19,30
665,in hac habitasse platea,230.59,dolor,97,69,8
666,odio cras mi pede malesuada in,59.14,auctor,95,87,64
667,sed nisl nunc rhoncus dui,57.85,cubilia,61,51,8
668,purus phasellus in felis donec,247.02,mattis,31,47,91
669,ridiculus mus,300.23,morbi,19,34,56
670,ut,107.43,ac,48,37,27
671,velit nec nisi,64.23,nam,87,85,16
672,ante ipsum primis in faucibus,32.21,sapien,60,44,73
673,arcu adipiscing molestie hendrerit,278.01,ornare,72,80,82
674,scelerisque mauris sit amet eros,318.88,augue,85,27,70
675,eros,114.5,rhoncus,89,28,21
676,amet sapien dignissim vestibulum,339.87,non,58,93,86
677,imperdiet sapien urna pretium nisl ut,22.19,erat,78,93,22
678,enim blandit mi in,47.03,nisi,100,82,76
679,ipsum dolor sit amet consectetuer,51.83,in,90,23,74
680,consequat metus sapien ut nunc vestibulum,138.54,vitae,10,73,13
681,condimentum id,77.01,in,69,19,65
682,ac nulla sed vel enim sit,48.55,in,88,77,50
683,lorem,1.17,pede,12,84,85
684,eu magna vulputate luctus cum,84.77,ut,42,4,55
685,eu interdum eu tincidunt in leo,329.69,odio,0,93,72
686,nulla ac enim in tempor,304.39,aliquet,60,1,45
687,lacinia sapien quis libero,153.74,justo,2,10,87
688,consectetuer eget rutrum at lorem integer,395.6,felis,45,27,38
689,id luctus nec molestie sed,226.31,at,76,5,37
690,quis justo maecenas rhoncus aliquam lacus,82.3,vel,80,45,83
691,euismod scelerisque quam,358.01,at,88,22,44
692,penatibus et,391.03,blandit,16,2,9
693,dui proin leo odio,39.04,cubilia,52,7,39
694,odio consequat varius integer ac,111.28,morbi,77,100,55
695,amet cursus id,9.44,donec,59,26,20
696,curae nulla dapibus dolor vel est,190.16,nulla,23,65,29
697,sem sed sagittis,375.4,tortor,97,76,82
698,aliquet,282.54,semper,82,45,78
699,curabitur in,143.86,erat,37,15,89
700,dis parturient montes nascetur ridiculus mus,90.73,ultrices,73,57,22
701,ac,210.03,non,83,1,85
702,augue vestibulum ante ipsum primis,193.52,nulla,41,70,84
703,tortor duis mattis egestas,200.64,eleifend,0,84,54
704,ut at dolor quis,38.06,dui,37,72,7
705,et,184.68,nec,34,19,47
706,nullam,360.44,odio,27,39,78
707,id ornare imperdiet sapien urna pretium,89.95,odio,18,45,18
708,placerat ante nulla justo aliquam quis,148.97,porttitor,87,40,1
709,nunc rhoncus,322.19,sapien,48,63,43
710,et commodo vulputate justo in,360.3,quam,59,2,99
711,lacinia nisi venenatis tristique,369.26,luctus,68,89,48
712,parturient montes nascetur ridiculus mus,387.13,lorem,4,41,24
713,nulla,193.34,diam,88,74,53
714,vestibulum,262.05,nec,75,24,46
715,tincidunt,23.23,quisque,34,99,73
716,a nibh in quis justo,296.61,tristique,56,38,21
717,eros suspendisse,46.18,vitae,46,57,82
718,duis bibendum felis sed interdum,396.14,amet,76,25,59
719,quis,106.65,luctus,67,40,23
720,in hac habitasse platea dictumst,210.97,dapibus,48,36,37
721,in porttitor pede justo eu,358.06,non,35,57,26
722,dapibus nulla suscipit ligula,50.32,mi,43,7,97
723,enim sit amet nunc viverra dapibus,373.58,nullam,60,18,18
724,duis faucibus accumsan odio,4.42,proin,64,17,7
725,pretium nisl ut volutpat sapien,386.46,massa,31,87,38
726,morbi non quam nec dui luctus,208.97,id,87,9,3
727,amet erat nulla tempus vivamus in,346.13,consequat,85,63,10
728,urna ut tellus nulla,313.0,mauris,54,80,75
729,est quam pharetra magna ac consequat,243.42,tincidunt,86,56,68
730,diam,102.24,auctor,92,29,20
731,quis odio consequat,228.39,faucibus,99,92,57
732,curae nulla dapibus dolor vel est,272.43,ullamcorper,95,77,89
733,suspendisse accumsan tortor quis turpis sed,230.16,pretium,15,76,66
734,rhoncus dui,167.96,ligula,24,62,46
735,sapien arcu sed augue aliquam erat,113.35,massa,53,96,9
736,id consequat in,127.29,mi,32,65,96
737,odio elementum eu interdum eu tincidunt,124.45,quam,32,98,52
738,pede posuere nonummy,244.34,habitasse,66,3,71
739,leo,209.17,rhoncus,27,4,5
740,ut volutpat sapien arcu,374.24,augue,79,32,11
741,venenatis turpis enim blandit mi,149.57,eu,98,72,34
742,ipsum,247.32,facilisi,65,15,49
743,volutpat,136.17,eu,24,58,39
744,primis in faucibus orci luctus,121.81,eget,34,89,9
745,lacinia eget tincidunt,161.97,ac,90,60,61
746,nascetur ridiculus mus etiam vel,50.35,accumsan,38,49,22
747,vestibulum ante ipsum primis in faucibus,279.07,amet,54,86,34
748,hac,274.89,ultrices,65,89,78
749,condimentum curabitur,189.64,vivamus,24,39,81
750,quam a odio in hac habitasse,391.79,adipiscing,93,14,29
751,consectetuer adipiscing elit proin risus praesent,386.06,hendrerit,77,76,24
752,adipiscing molestie,281.64,pellentesque,73,66,37
753,nulla suspendisse potenti cras,347.31,rutrum,4,77,85
754,in libero ut massa volutpat convallis,302.11,orci,35,42,81
755,rutrum rutrum neque aenean auctor,126.91,mi,75,21,21
756,eu magna vulputate luctus cum,30.56,facilisi,61,92,85
757,nec dui luctus rutrum,384.28,maecenas,12,89,13
758,ut dolor morbi,259.78,morbi,49,35,47
759,euismod scelerisque,380.44,et,83,71,12
760,blandit mi in porttitor pede justo,154.67,pretium,49,38,51
761,elit proin interdum mauris non ligula,397.57,eu,62,23,51
762,rutrum,55.72,pede,71,91,26
763,erat,300.83,ultricies,15,14,100
764,aliquam non mauris,166.82,venenatis,85,100,56
765,cubilia curae mauris viverra diam,53.01,dapibus,54,26,4
766,augue quam sollicitudin vitae,355.68,feugiat,97,89,26
767,quisque ut erat,207.36,consectetuer,71,67,76
768,justo in,366.22,turpis,91,87,9
769,suspendisse potenti nullam porttitor lacus,81.49,egestas,13,68,58
770,hac,219.12,mattis,48,12,99
771,metus sapien,55.83,sem,70,11,88
772,amet cursus id turpis integer,114.41,aliquam,12,33,18
773,aliquet massa id lobortis convallis tortor,72.19,enim,89,84,46
774,venenatis lacinia,93.62,praesent,72,17,73
775,platea dictumst morbi vestibulum,299.84,nulla,60,78,96
776,sem fusce consequat,341.04,non,64,31,28
777,etiam justo etiam pretium iaculis justo,24.33,a,5,73,95
778,purus sit amet nulla quisque arcu,107.83,rutrum,34,38,88
779,donec dapibus duis at,246.71,in,64,64,54
780,aenean fermentum donec ut mauris,19.38,libero,87,71,12
781,ut,44.81,turpis,89,63,43
782,eleifend luctus ultricies eu nibh,348.76,in,65,66,72
783,tristique fusce congue diam id ornare,205.94,dui,46,77,97
784,montes nascetur ridiculus mus,48.57,aliquam,49,58,2
785,erat,162.42,quis,70,97,52
786,nulla ac enim,333.63,non,24,78,49
787,et magnis dis parturient montes,89.94,quisque,35,91,26
788,ridiculus mus vivamus vestibulum sagittis sapien,238.94,purus,53,2,38
789,lobortis,223.64,libero,79,80,73
790,interdum mauris ullamcorper purus sit amet,59.42,nulla,62,64,27
791,faucibus,51.56,non,78,61,76
792,quam suspendisse potenti nullam porttitor lacus,130.27,nulla,23,11,59
793,eleifend donec ut dolor morbi,334.53,sit,17,59,3
794,turpis elementum ligula,45.5,curabitur,81,100,61
795,molestie lorem quisque,281.8,ultrices,87,100,58
796,sed vel,35.37,sapien,21,55,93
797,curabitur convallis duis consequat,378.88,volutpat,48,59,89
798,nulla sed vel enim sit amet,149.35,orci,25,24,6
799,orci nullam molestie,243.54,volutpat,67,5,29
800,congue etiam justo etiam,354.39,posuere,28,16,10
801,id turpis integer,362.9,molestie,51,59,50
802,lacinia sapien quis,389.62,nulla,63,43,27
803,vulputate elementum nullam varius nulla,115.76,mi,92,62,25
804,aenean fermentum donec ut,127.35,eget,2,52,35
805,vulputate nonummy maecenas,354.19,posuere,53,51,15
806,sollicitudin mi sit amet lobortis sapien,385.72,elementum,29,80,66
807,mattis odio donec,318.53,purus,95,23,17
808,ut blandit,311.27,phasellus,5,30,8
809,amet turpis elementum ligula vehicula consequat,231.43,lacus,19,42,68
810,adipiscing lorem vitae mattis,212.6,pharetra,13,38,63
811,odio consequat varius integer ac,142.52,dis,30,29,84
812,fusce posuere,236.57,dapibus,37,92,62
813,sollicitudin vitae consectetuer eget,22.67,ipsum,57,27,61
814,quam nec dui luctus rutrum nulla,146.9,nisl,36,79,59
815,dictumst maecenas ut massa,83.7,at,36,47,14
816,nisi vulputate nonummy maecenas,72.99,odio,36,41,81
817,dolor sit amet,327.96,suscipit,45,11,14
818,nibh in,133.68,fermentum,92,85,77
819,massa volutpat,288.15,lectus,83,93,72
820,ultrices phasellus id sapien in,13.06,tortor,56,27,2
821,consequat lectus in,340.85,in,48,57,90
822,duis mattis,327.22,tristique,20,96,49
823,tortor risus,206.48,rutrum,87,8,87
824,integer pede justo,198.67,odio,83,25,48
825,erat id mauris vulputate elementum,199.3,nibh,5,15,2
826,erat eros viverra,56.66,dui,5,83,77
827,rhoncus dui vel,94.92,nam,18,48,13
828,accumsan,196.83,commodo,63,78,6
829,ultrices posuere cubilia curae donec pharetra,165.69,eget,75,14,49
830,accumsan felis ut,103.41,semper,39,66,80
831,natoque penatibus et magnis dis,294.15,eros,68,92,15
832,tincidunt eu felis,234.1,dui,28,46,64
833,turpis elementum ligula vehicula consequat morbi,393.62,vel,8,60,96
834,ut nunc vestibulum,375.4,sed,3,65,14
835,quis turpis,306.19,sit,32,95,41
836,proin interdum mauris non ligula pellentesque,88.94,primis,73,86,49
837,vestibulum,55.32,elementum,85,47,43
838,elit,383.21,in,97,67,46
839,orci eget orci,156.76,lacinia,35,97,71
840,quam pharetra magna ac consequat,166.83,lacinia,2,42,48
841,cubilia curae donec,330.5,maecenas,64,25,91
842,in quis justo maecenas rhoncus,104.75,ut,59,93,16
843,penatibus et magnis dis parturient,390.95,in,43,21,24
844,tincidunt,337.73,congue,100,60,63
845,est lacinia nisi venenatis,308.35,luctus,23,24,7
846,cubilia curae nulla dapibus dolor,248.33,dictumst,0,46,78
847,orci,376.05,faucibus,76,14,89
848,in magna,188.7,sed,18,2,98
849,pede,68.93,luctus,81,18,17
850,turpis nec euismod scelerisque quam turpis,264.13,vestibulum,9,80,76
851,nibh quisque id,365.79,sed,27,61,2
852,velit eu est congue,313.77,ut,97,32,0
853,eu felis fusce posuere,331.7,a,10,88,54
854,varius ut blandit,341.59,amet,56,91,19
855,in quis justo,221.39,lorem,19,71,93
856,ut mauris eget,114.06,nunc,33,59,83
857,congue eget semper,137.46,tristique,62,59,55
858,consequat ut nulla sed,40.23,maecenas,60,84,92
859,etiam faucibus cursus,47.71,nascetur,70,20,74
860,tortor quis turpis sed ante,326.37,porttitor,27,46,49
861,morbi a ipsum integer a,48.2,libero,38,98,67
862,sapien placerat ante nulla,107.44,tristique,8,2,36
863,duis at velit eu est congue,286.14,a,19,10,3
864,semper interdum mauris,177.96,condimentum,50,66,45
865,enim lorem ipsum dolor sit,191.87,tristique,31,78,3
866,odio cras mi,96.3,felis,8,69,52
867,montes nascetur ridiculus,288.5,nunc,34,0,92
868,sem duis aliquam convallis,3.88,in,84,8,25
869,elit proin interdum mauris non ligula,303.06,turpis,9,20,15
870,platea dictumst etiam faucibus cursus urna,225.37,non,5,90,38
871,a feugiat et eros,4.11,diam,8,88,14
872,leo rhoncus sed vestibulum,135.56,in,85,56,86
873,amet nulla,42.54,amet,40,44,3
874,habitasse platea dictumst maecenas ut,310.21,duis,65,83,71
875,nec euismod scelerisque quam turpis,82.77,ante,19,72,37
876,mi pede malesuada in imperdiet,218.38,neque,49,18,7
877,sit amet nulla,139.86,malesuada,70,99,17
878,condimentum curabitur,183.09,et,37,26,78
879,vestibulum eget vulputate ut,357.11,elit,37,93,77
880,tortor quis turpis sed,285.06,at,96,87,24
881,eget tincidunt eget tempus vel,382.49,turpis,64,97,83
882,eget nunc donec,396.61,sapien,97,46,87
883,et tempus semper,295.12,elementum,80,11,62
884,sapien non mi integer ac neque,12.43,ac,73,29,56
885,viverra dapibus nulla suscipit,233.77,mi,62,69,27
886,a pede posuere nonummy integer non,174.87,dictumst,61,39,87
887,at feugiat,247.28,vulputate,26,91,82
888,eget,345.48,malesuada,40,29,57
889,congue diam,130.65,nec,20,39,52
890,mi in porttitor pede,392.13,sem,49,89,34
891,sit amet,184.02,curabitur,19,76,2
892,consequat,224.7,diam,81,64,90
893,elit proin risus praesent lectus,334.48,donec,49,13,88
894,posuere cubilia,346.57,vestibulum,94,20,53
895,odio,34.24,ipsum,2,14,44
896,nulla suspendisse,370.79,dolor,67,64,81
897,ut,82.83,et,34,72,71
898,donec diam neque,356.13,faucibus,57,12,73
899,mauris,84.79,vitae,39,79,72
900,diam,191.89,ligula,64,12,96
901,augue vestibulum ante ipsum primis in,380.12,id,98,74,88
902,sed interdum,58.11,adipiscing,27,49,4
903,sodales scelerisque mauris sit amet,231.27,suspendisse,41,62,56
904,ultrices erat tortor sollicitudin mi,3.6,erat,25,14,40
905,donec vitae nisi nam ultrices libero,294.27,natoque,88,48,11
906,donec,15.48,parturient,35,1,51
907,ut mauris eget massa tempor convallis,159.01,morbi,82,52,63
908,amet consectetuer,271.53,tellus,8,23,51
909,ut,335.18,eu,59,78,61
910,quam pede lobortis ligula,224.03,potenti,63,82,50
911,congue vivamus metus arcu,78.87,eleifend,77,86,100
912,eleifend pede libero quis,194.99,nunc,77,62,49
913,at lorem integer tincidunt ante vel,137.14,vestibulum,43,97,16
914,leo rhoncus sed vestibulum,71.93,nibh,56,50,76
915,ipsum praesent blandit,115.23,hac,84,29,16
916,nulla tellus in sagittis,120.18,faucibus,20,81,85
917,augue vestibulum ante ipsum primis in,355.43,integer,54,23,75
918,vitae nisl aenean,295.24,platea,10,1,34
919,in lacus,121.38,scelerisque,60,20,17
920,eros vestibulum ac est lacinia,311.22,nibh,68,41,49
921,in tempor,273.34,amet,95,29,18
922,tellus in sagittis dui vel,386.57,morbi,96,50,99
923,etiam vel augue vestibulum,353.75,condimentum,28,22,10
924,odio donec vitae nisi nam,158.32,congue,51,81,74
925,ante vivamus tortor,363.55,maecenas,70,70,13
926,vestibulum,291.25,porta,60,36,6
927,sollicitudin ut suscipit a feugiat,330.81,enim,44,43,39
928,condimentum id luctus nec,82.12,semper,86,71,15
929,suspendisse potenti,370.75,vulputate,68,20,83
930,rutrum neque,51.47,turpis,98,92,81
931,erat quisque erat,220.74,curabitur,34,74,72
932,et ultrices posuere cubilia curae,16.32,pede,74,75,56
933,erat vestibulum sed magna at,377.98,augue,71,7,93
934,morbi vel lectus in quam,316.1,nec,23,65,43
935,elementum pellentesque quisque,78.58,cursus,77,49,9
936,donec,58.42,augue,19,63,30
937,rutrum nulla tellus in sagittis,212.77,pharetra,23,70,35
938,orci nullam,295.72,diam,65,38,6
939,sollicitudin ut suscipit a,313.78,vestibulum,44,83,78
940,proin interdum,174.49,varius,76,13,38
941,augue,188.88,quisque,5,52,28
942,nibh ligula,301.36,ipsum,31,78,98
943,mauris eget massa tempor convallis,13.04,turpis,18,80,80
944,morbi a ipsum integer a nibh,85.95,primis,58,96,63
945,purus phasellus in felis donec semper,193.28,lectus,37,85,54
946,lectus pellentesque at,289.32,magna,70,54,72
947,maecenas rhoncus aliquam,291.18,ac,52,75,17
948,vivamus vel,107.29,eu,99,41,65
949,nulla ultrices aliquet maecenas leo odio,138.6,eu,57,57,96
950,id luctus nec,138.94,vivamus,95,67,48
951,dapibus at diam,201.73,pellentesque,52,83,36
952,pretium iaculis diam erat fermentum justo,150.23,mauris,65,43,44
953,phasellus id sapien in sapien iaculis,344.44,eu,4,23,33
954,dui vel,125.57,sed,92,26,32
955,egestas,226.89,quam,10,60,35
956,fusce congue diam id ornare imperdiet,147.86,ut,79,88,0
957,praesent blandit lacinia erat vestibulum,249.84,eget,13,56,86
958,odio porttitor id,393.39,ut,93,97,30
959,luctus rutrum nulla tellus,197.1,vitae,93,20,64
960,tempus vel pede morbi porttitor lorem,135.86,erat,0,59,8
961,pellentesque volutpat dui maecenas tristique,95.03,vitae,90,85,22
962,nibh ligula nec sem duis aliquam,339.6,justo,5,2,54
963,nulla suspendisse,361.5,viverra,16,73,33
964,blandit mi in porttitor pede,346.72,id,59,65,51
965,quis augue luctus tincidunt nulla,387.93,non,40,20,39
966,vulputate,280.92,turpis,53,6,87
967,ante vestibulum,134.32,quisque,73,100,49
968,id mauris vulputate elementum nullam,335.82,ultrices,52,83,99
969,dapibus nulla suscipit ligula in lacus,75.65,quam,83,14,72
970,turpis integer,276.65,porttitor,5,62,88
971,felis,41.63,nulla,24,25,24
972,vestibulum sed magna,154.14,mauris,96,96,49
973,rutrum neque aenean auctor gravida,383.78,erat,77,5,39
974,convallis tortor risus dapibus,381.01,tincidunt,72,4,4
975,faucibus,223.62,massa,9,27,10
976,parturient montes,166.62,mauris,17,40,41
977,risus semper porta volutpat,7.1,at,92,65,4
978,est risus,37.72,curae,31,31,60
979,id ornare imperdiet,229.01,vehicula,33,42,53
980,blandit nam nulla,283.33,nam,81,53,94
981,nulla quisque arcu libero rutrum,260.7,donec,74,99,49
982,nulla justo aliquam quis turpis eget,388.51,aliquet,3,65,6
983,convallis morbi odio odio,156.64,morbi,60,79,40
984,et commodo vulputate justo,211.94,primis,100,92,58
985,non interdum in,264.84,sed,64,41,23
986,donec quis,75.05,aenean,61,2,2
987,ultrices,46.1,turpis,16,37,49
988,porta volutpat erat quisque erat eros,348.57,sapien,39,16,19
989,morbi vel,54.8,aliquet,77,74,34
990,eget tempus,146.9,pede,52,25,32
991,odio condimentum,383.91,nunc,52,59,56
992,enim in tempor turpis,175.94,ac,69,46,100
993,hendrerit,224.44,ut,40,55,35
994,elit,280.63,aliquet,9,95,53
995,at nulla suspendisse,190.87,proin,73,96,57
996,pharetra magna ac consequat metus sapien,31.92,curabitur,19,46,2
997,donec quis orci eget orci,259.15,dictumst,19,84,59
998,lectus,299.61,nulla,12,30,47
999,maecenas pulvinar lobortis,43.36,leo,88,49,64
1000,consequat,272.2,est,17,54,25
